Fitter report for ULA
Sat Sep 27 05:09:37 2025
Quartus Prime Version 24.1std.0 Build 1077 03/04/2025 SC Lite Edition


---------------------
; Table of Contents ;
---------------------
  1. Legal Notice
  2. Fitter Summary
  3. Fitter Settings
  4. Parallel Compilation
  5. Incremental Compilation Preservation Summary
  6. Incremental Compilation Partition Settings
  7. Incremental Compilation Placement Preservation
  8. Pin-Out File
  9. Fitter Resource Usage Summary
 10. Fitter Partition Statistics
 11. Input Pins
 12. Output Pins
 13. Dual Purpose and Dedicated Pins
 14. I/O Bank Usage
 15. All Package Pins
 16. I/O Assignment Warnings
 17. Fitter Resource Utilization by Entity
 18. Delay Chain Summary
 19. Pad To Core Delay Chain Fanout
 20. Routing Usage Summary
 21. LAB Logic Elements
 22. LAB Signals Sourced
 23. LAB Signals Sourced Out
 24. LAB Distinct Inputs
 25. I/O Rules Summary
 26. I/O Rules Details
 27. I/O Rules Matrix
 28. Fitter Device Options
 29. Operating Settings and Conditions
 30. Fitter Messages
 31. Fitter Suppressed Messages



----------------
; Legal Notice ;
----------------
Copyright (C) 2025  Altera Corporation. All rights reserved.
Your use of Altera Corporation's design tools, logic functions 
and other software and tools, and any partner logic 
functions, and any output files from any of the foregoing 
(including device programming or simulation files), and any 
associated documentation or information are expressly subject 
to the terms and conditions of the Altera Program License 
Subscription Agreement, the Altera Quartus Prime License Agreement,
the Altera IP License Agreement, or other applicable license
agreement, including, without limitation, that your use is for
the sole purpose of programming logic devices manufactured by
Altera and sold by Altera or its authorized distributors.  Please
refer to the Altera Software License Subscription Agreements 
on the Quartus Prime software download page.



+--------------------------------------------------------------------------------------+
; Fitter Summary                                                                       ;
+------------------------------------+-------------------------------------------------+
; Fitter Status                      ; Successful - Sat Sep 27 05:09:37 2025           ;
; Quartus Prime Version              ; 24.1std.0 Build 1077 03/04/2025 SC Lite Edition ;
; Revision Name                      ; ULA                                             ;
; Top-level Entity Name              ; Ula_simplificada                                ;
; Family                             ; MAX 10                                          ;
; Device                             ; 10M50DAF484C7G                                  ;
; Timing Models                      ; Final                                           ;
; Total logic elements               ; 240 / 49,760 ( < 1 % )                          ;
;     Total combinational functions  ; 240 / 49,760 ( < 1 % )                          ;
;     Dedicated logic registers      ; 0 / 49,760 ( 0 % )                              ;
; Total registers                    ; 0                                               ;
; Total pins                         ; 36 / 360 ( 10 % )                               ;
; Total virtual pins                 ; 0                                               ;
; Total memory bits                  ; 0 / 1,677,312 ( 0 % )                           ;
; Embedded Multiplier 9-bit elements ; 0 / 288 ( 0 % )                                 ;
; Total PLLs                         ; 0 / 4 ( 0 % )                                   ;
; UFM blocks                         ; 0 / 1 ( 0 % )                                   ;
; ADC blocks                         ; 0 / 2 ( 0 % )                                   ;
+------------------------------------+-------------------------------------------------+


+----------------------------------------------------------------------------------------------------------------------------------------------------+
; Fitter Settings                                                                                                                                    ;
+--------------------------------------------------------------------+---------------------------------------+---------------------------------------+
; Option                                                             ; Setting                               ; Default Value                         ;
+--------------------------------------------------------------------+---------------------------------------+---------------------------------------+
; Device                                                             ; 10M50DAF484C7G                        ;                                       ;
; Minimum Core Junction Temperature                                  ; 0                                     ;                                       ;
; Maximum Core Junction Temperature                                  ; 85                                    ;                                       ;
; Fit Attempts to Skip                                               ; 0                                     ; 0.0                                   ;
; Use smart compilation                                              ; Off                                   ; Off                                   ;
; Enable parallel Assembler and Timing Analyzer during compilation   ; On                                    ; On                                    ;
; Enable compact report table                                        ; Off                                   ; Off                                   ;
; Auto Merge PLLs                                                    ; On                                    ; On                                    ;
; Router Timing Optimization Level                                   ; Normal                                ; Normal                                ;
; Perform Clocking Topology Analysis During Routing                  ; Off                                   ; Off                                   ;
; Placement Effort Multiplier                                        ; 1.0                                   ; 1.0                                   ;
; Router Effort Multiplier                                           ; 1.0                                   ; 1.0                                   ;
; Optimize Hold Timing                                               ; All Paths                             ; All Paths                             ;
; Optimize Multi-Corner Timing                                       ; On                                    ; On                                    ;
; Power Optimization During Fitting                                  ; Normal compilation                    ; Normal compilation                    ;
; SSN Optimization                                                   ; Off                                   ; Off                                   ;
; Optimize Timing                                                    ; Normal compilation                    ; Normal compilation                    ;
; Optimize Timing for ECOs                                           ; Off                                   ; Off                                   ;
; Regenerate Full Fit Report During ECO Compiles                     ; Off                                   ; Off                                   ;
; Optimize IOC Register Placement for Timing                         ; Normal                                ; Normal                                ;
; Final Placement Optimizations                                      ; Automatically                         ; Automatically                         ;
; Fitter Initial Placement Seed                                      ; 1                                     ; 1                                     ;
; Periphery to Core Placement and Routing Optimization               ; Off                                   ; Off                                   ;
; PCI I/O                                                            ; Off                                   ; Off                                   ;
; Weak Pull-Up Resistor                                              ; Off                                   ; Off                                   ;
; Enable Bus-Hold Circuitry                                          ; Off                                   ; Off                                   ;
; Auto Packed Registers                                              ; Auto                                  ; Auto                                  ;
; Auto Delay Chains                                                  ; On                                    ; On                                    ;
; Auto Delay Chains for High Fanout Input Pins                       ; Off                                   ; Off                                   ;
; Allow Single-ended Buffer for Differential-XSTL Input              ; Off                                   ; Off                                   ;
; Treat Bidirectional Pin as Output Pin                              ; Off                                   ; Off                                   ;
; Perform Physical Synthesis for Combinational Logic for Fitting     ; Off                                   ; Off                                   ;
; Perform Physical Synthesis for Combinational Logic for Performance ; Off                                   ; Off                                   ;
; Perform Register Duplication for Performance                       ; Off                                   ; Off                                   ;
; Perform Logic to Memory Mapping for Fitting                        ; Off                                   ; Off                                   ;
; Perform Register Retiming for Performance                          ; Off                                   ; Off                                   ;
; Perform Asynchronous Signal Pipelining                             ; Off                                   ; Off                                   ;
; Fitter Effort                                                      ; Auto Fit                              ; Auto Fit                              ;
; Physical Synthesis Effort Level                                    ; Normal                                ; Normal                                ;
; Logic Cell Insertion - Logic Duplication                           ; Auto                                  ; Auto                                  ;
; Auto Register Duplication                                          ; Auto                                  ; Auto                                  ;
; Auto Global Clock                                                  ; On                                    ; On                                    ;
; Auto Global Register Control Signals                               ; On                                    ; On                                    ;
; Reserve all unused pins                                            ; As input tri-stated with weak pull-up ; As input tri-stated with weak pull-up ;
; Synchronizer Identification                                        ; Auto                                  ; Auto                                  ;
; Enable Beneficial Skew Optimization                                ; On                                    ; On                                    ;
; Optimize Design for Metastability                                  ; On                                    ; On                                    ;
; Force Fitter to Avoid Periphery Placement Warnings                 ; Off                                   ; Off                                   ;
; Enable input tri-state on active configuration pins in user mode   ; Off                                   ; Off                                   ;
+--------------------------------------------------------------------+---------------------------------------+---------------------------------------+


+------------------------------------------+
; Parallel Compilation                     ;
+----------------------------+-------------+
; Processors                 ; Number      ;
+----------------------------+-------------+
; Number detected on machine ; 12          ;
; Maximum allowed            ; 12          ;
;                            ;             ;
; Average used               ; 1.17        ;
; Maximum used               ; 12          ;
;                            ;             ;
; Usage by Processor         ; % Time Used ;
;     Processor 1            ; 100.0%      ;
;     Processors 2-12        ;   1.5%      ;
+----------------------------+-------------+


+--------------------------------------------------------------------------------------------------+
; Incremental Compilation Preservation Summary                                                     ;
+---------------------+--------------------+----------------------------+--------------------------+
; Type                ; Total [A + B]      ; From Design Partitions [A] ; From Rapid Recompile [B] ;
+---------------------+--------------------+----------------------------+--------------------------+
; Placement (by node) ;                    ;                            ;                          ;
;     -- Requested    ; 0.00 % ( 0 / 331 ) ; 0.00 % ( 0 / 331 )         ; 0.00 % ( 0 / 331 )       ;
;     -- Achieved     ; 0.00 % ( 0 / 331 ) ; 0.00 % ( 0 / 331 )         ; 0.00 % ( 0 / 331 )       ;
;                     ;                    ;                            ;                          ;
; Routing (by net)    ;                    ;                            ;                          ;
;     -- Requested    ; 0.00 % ( 0 / 0 )   ; 0.00 % ( 0 / 0 )           ; 0.00 % ( 0 / 0 )         ;
;     -- Achieved     ; 0.00 % ( 0 / 0 )   ; 0.00 % ( 0 / 0 )           ; 0.00 % ( 0 / 0 )         ;
+---------------------+--------------------+----------------------------+--------------------------+


+----------------------------------------------------------------------------------------------------------------------------------------------------------------------------------------+
; Incremental Compilation Partition Settings                                                                                                                                             ;
+--------------------------------+----------------+-------------------+-------------------------+------------------------+------------------------------+--------------------------------+
; Partition Name                 ; Partition Type ; Netlist Type Used ; Preservation Level Used ; Netlist Type Requested ; Preservation Level Requested ; Contents                       ;
+--------------------------------+----------------+-------------------+-------------------------+------------------------+------------------------------+--------------------------------+
; Top                            ; User-created   ; Source File       ; N/A                     ; Source File            ; N/A                          ;                                ;
; hard_block:auto_generated_inst ; Auto-generated ; Source File       ; N/A                     ; Source File            ; N/A                          ; hard_block:auto_generated_inst ;
+--------------------------------+----------------+-------------------+-------------------------+------------------------+------------------------------+--------------------------------+


+------------------------------------------------------------------------------------------------------------------------------------+
; Incremental Compilation Placement Preservation                                                                                     ;
+--------------------------------+-----------------------+-------------------------+-------------------+---------------------+-------+
; Partition Name                 ; Preservation Achieved ; Preservation Level Used ; Netlist Type Used ; Preservation Method ; Notes ;
+--------------------------------+-----------------------+-------------------------+-------------------+---------------------+-------+
; Top                            ; 0.00 % ( 0 / 315 )    ; N/A                     ; Source File       ; N/A                 ;       ;
; hard_block:auto_generated_inst ; 0.00 % ( 0 / 16 )     ; N/A                     ; Source File       ; N/A                 ;       ;
+--------------------------------+-----------------------+-------------------------+-------------------+---------------------+-------+


+--------------+
; Pin-Out File ;
+--------------+
The pin-out file can be found in C:/Users/lucas/Downloads/ULA PBL/output_files/ULA.pin.


+----------------------------------------------------------------------+
; Fitter Resource Usage Summary                                        ;
+---------------------------------------------+------------------------+
; Resource                                    ; Usage                  ;
+---------------------------------------------+------------------------+
; Total logic elements                        ; 240 / 49,760 ( < 1 % ) ;
;     -- Combinational with no register       ; 240                    ;
;     -- Register only                        ; 0                      ;
;     -- Combinational with a register        ; 0                      ;
;                                             ;                        ;
; Logic element usage by number of LUT inputs ;                        ;
;     -- 4 input functions                    ; 173                    ;
;     -- 3 input functions                    ; 40                     ;
;     -- <=2 input functions                  ; 27                     ;
;     -- Register only                        ; 0                      ;
;                                             ;                        ;
; Logic elements by mode                      ;                        ;
;     -- normal mode                          ; 240                    ;
;     -- arithmetic mode                      ; 0                      ;
;                                             ;                        ;
; Total registers*                            ; 0 / 51,509 ( 0 % )     ;
;     -- Dedicated logic registers            ; 0 / 49,760 ( 0 % )     ;
;     -- I/O registers                        ; 0 / 1,749 ( 0 % )      ;
;                                             ;                        ;
; Total LABs:  partially or completely used   ; 19 / 3,110 ( < 1 % )   ;
; Virtual pins                                ; 0                      ;
; I/O pins                                    ; 36 / 360 ( 10 % )      ;
;     -- Clock pins                           ; 2 / 8 ( 25 % )         ;
;     -- Dedicated input pins                 ; 1 / 1 ( 100 % )        ;
;                                             ;                        ;
; M9Ks                                        ; 0 / 182 ( 0 % )        ;
; UFM blocks                                  ; 0 / 1 ( 0 % )          ;
; ADC blocks                                  ; 0 / 2 ( 0 % )          ;
; Total block memory bits                     ; 0 / 1,677,312 ( 0 % )  ;
; Total block memory implementation bits      ; 0 / 1,677,312 ( 0 % )  ;
; Embedded Multiplier 9-bit elements          ; 0 / 288 ( 0 % )        ;
; PLLs                                        ; 0 / 4 ( 0 % )          ;
; Global signals                              ; 0                      ;
;     -- Global clocks                        ; 0 / 20 ( 0 % )         ;
; JTAGs                                       ; 0 / 1 ( 0 % )          ;
; CRC blocks                                  ; 0 / 1 ( 0 % )          ;
; Remote update blocks                        ; 0 / 1 ( 0 % )          ;
; Oscillator blocks                           ; 0 / 1 ( 0 % )          ;
; Impedance control blocks                    ; 0 / 1 ( 0 % )          ;
; Average interconnect usage (total/H/V)      ; 0.1% / 0.1% / 0.2%     ;
; Peak interconnect usage (total/H/V)         ; 1.7% / 1.5% / 2.8%     ;
; Maximum fan-out                             ; 48                     ;
; Highest non-global fan-out                  ; 48                     ;
; Total fan-out                               ; 935                    ;
; Average fan-out                             ; 2.82                   ;
+---------------------------------------------+------------------------+
*  Register count does not include registers inside RAM blocks or DSP blocks.



+------------------------------------------------------------------------------------------------------+
; Fitter Partition Statistics                                                                          ;
+---------------------------------------------+-----------------------+--------------------------------+
; Statistic                                   ; Top                   ; hard_block:auto_generated_inst ;
+---------------------------------------------+-----------------------+--------------------------------+
; Difficulty Clustering Region                ; Low                   ; Low                            ;
;                                             ;                       ;                                ;
; Total logic elements                        ; 240 / 49760 ( < 1 % ) ; 0 / 49760 ( 0 % )              ;
;     -- Combinational with no register       ; 240                   ; 0                              ;
;     -- Register only                        ; 0                     ; 0                              ;
;     -- Combinational with a register        ; 0                     ; 0                              ;
;                                             ;                       ;                                ;
; Logic element usage by number of LUT inputs ;                       ;                                ;
;     -- 4 input functions                    ; 173                   ; 0                              ;
;     -- 3 input functions                    ; 40                    ; 0                              ;
;     -- <=2 input functions                  ; 27                    ; 0                              ;
;     -- Register only                        ; 0                     ; 0                              ;
;                                             ;                       ;                                ;
; Logic elements by mode                      ;                       ;                                ;
;     -- normal mode                          ; 240                   ; 0                              ;
;     -- arithmetic mode                      ; 0                     ; 0                              ;
;                                             ;                       ;                                ;
; Total registers                             ; 0                     ; 0                              ;
;     -- Dedicated logic registers            ; 0 / 49760 ( 0 % )     ; 0 / 49760 ( 0 % )              ;
;     -- I/O registers                        ; 0                     ; 0                              ;
;                                             ;                       ;                                ;
; Total LABs:  partially or completely used   ; 19 / 3110 ( < 1 % )   ; 0 / 3110 ( 0 % )               ;
;                                             ;                       ;                                ;
; Virtual pins                                ; 0                     ; 0                              ;
; I/O pins                                    ; 36                    ; 0                              ;
; Embedded Multiplier 9-bit elements          ; 0 / 288 ( 0 % )       ; 0 / 288 ( 0 % )                ;
; Total memory bits                           ; 0                     ; 0                              ;
; Total RAM block bits                        ; 0                     ; 0                              ;
; User Flash Memory                           ; 1 / 1 ( 100 % )       ; 0 / 1 ( 0 % )                  ;
; Analog-to-Digital Converter                 ; 2 / 2 ( 100 % )       ; 0 / 2 ( 0 % )                  ;
;                                             ;                       ;                                ;
; Connections                                 ;                       ;                                ;
;     -- Input Connections                    ; 0                     ; 0                              ;
;     -- Registered Input Connections         ; 0                     ; 0                              ;
;     -- Output Connections                   ; 0                     ; 0                              ;
;     -- Registered Output Connections        ; 0                     ; 0                              ;
;                                             ;                       ;                                ;
; Internal Connections                        ;                       ;                                ;
;     -- Total Connections                    ; 941                   ; 8                              ;
;     -- Registered Connections               ; 0                     ; 0                              ;
;                                             ;                       ;                                ;
; External Connections                        ;                       ;                                ;
;     -- Top                                  ; 0                     ; 0                              ;
;     -- hard_block:auto_generated_inst       ; 0                     ; 0                              ;
;                                             ;                       ;                                ;
; Partition Interface                         ;                       ;                                ;
;     -- Input Ports                          ; 12                    ; 0                              ;
;     -- Output Ports                         ; 24                    ; 0                              ;
;     -- Bidir Ports                          ; 0                     ; 0                              ;
;                                             ;                       ;                                ;
; Registered Ports                            ;                       ;                                ;
;     -- Registered Input Ports               ; 0                     ; 0                              ;
;     -- Registered Output Ports              ; 0                     ; 0                              ;
;                                             ;                       ;                                ;
; Port Connectivity                           ;                       ;                                ;
;     -- Input Ports driven by GND            ; 0                     ; 0                              ;
;     -- Output Ports driven by GND           ; 0                     ; 0                              ;
;     -- Input Ports driven by VCC            ; 0                     ; 0                              ;
;     -- Output Ports driven by VCC           ; 0                     ; 0                              ;
;     -- Input Ports with no Source           ; 0                     ; 0                              ;
;     -- Output Ports with no Source          ; 0                     ; 0                              ;
;     -- Input Ports with no Fanout           ; 0                     ; 0                              ;
;     -- Output Ports with no Fanout          ; 0                     ; 0                              ;
+---------------------------------------------+-----------------------+--------------------------------+


+---------------------------------------------------------------------------------------------------------------------------------------------------------------------------------------------------------------------------------------------------------------------------------------+
; Input Pins                                                                                                                                                                                                                                                                            ;
+------+-------+----------+--------------+--------------+--------------+-----------------------+--------------------+--------+----------------+---------------+-----------------+----------+--------------+--------------+---------------------------+----------------------+-----------+
; Name ; Pin # ; I/O Bank ; X coordinate ; Y coordinate ; Z coordinate ; Combinational Fan-Out ; Registered Fan-Out ; Global ; Input Register ; Power Up High ; PCI I/O Enabled ; Bus Hold ; Weak Pull Up ; I/O Standard ; Termination Control Block ; Location assigned by ; Slew Rate ;
+------+-------+----------+--------------+--------------+--------------+-----------------------+--------------------+--------+----------------+---------------+-----------------+----------+--------------+--------------+---------------------------+----------------------+-----------+
; A0   ; E12   ; 7        ; 56           ; 54           ; 21           ; 14                    ; 0                  ; no     ; no             ; no            ; yes             ; no       ; Off          ; 2.5 V        ; --                        ; Fitter               ; 0         ;
; A1   ; B14   ; 7        ; 56           ; 54           ; 0            ; 19                    ; 0                  ; no     ; no             ; no            ; yes             ; no       ; Off          ; 2.5 V        ; --                        ; Fitter               ; 0         ;
; A2   ; J12   ; 7        ; 54           ; 54           ; 7            ; 15                    ; 0                  ; no     ; no             ; no            ; yes             ; no       ; Off          ; 2.5 V        ; --                        ; Fitter               ; 0         ;
; A3   ; B15   ; 7        ; 58           ; 54           ; 7            ; 22                    ; 0                  ; no     ; no             ; no            ; yes             ; no       ; Off          ; 2.5 V        ; --                        ; Fitter               ; 0         ;
; B0   ; E13   ; 7        ; 56           ; 54           ; 14           ; 23                    ; 0                  ; no     ; no             ; no            ; yes             ; no       ; Off          ; 2.5 V        ; --                        ; Fitter               ; 0         ;
; B1   ; D13   ; 7        ; 56           ; 54           ; 28           ; 23                    ; 0                  ; no     ; no             ; no            ; yes             ; no       ; Off          ; 2.5 V        ; --                        ; Fitter               ; 0         ;
; B2   ; C15   ; 7        ; 60           ; 54           ; 0            ; 18                    ; 0                  ; no     ; no             ; no            ; yes             ; no       ; Off          ; 2.5 V        ; --                        ; Fitter               ; 0         ;
; B3   ; C14   ; 7        ; 58           ; 54           ; 14           ; 20                    ; 0                  ; no     ; no             ; no            ; yes             ; no       ; Off          ; 2.5 V        ; --                        ; Fitter               ; 0         ;
; Cin  ; A14   ; 7        ; 58           ; 54           ; 28           ; 3                     ; 0                  ; no     ; no             ; no            ; yes             ; no       ; Off          ; 2.5 V        ; --                        ; Fitter               ; 0         ;
; E0   ; H13   ; 7        ; 54           ; 54           ; 0            ; 26                    ; 0                  ; no     ; no             ; no            ; yes             ; no       ; Off          ; 2.5 V        ; --                        ; Fitter               ; 0         ;
; E1   ; C12   ; 7        ; 54           ; 54           ; 28           ; 21                    ; 0                  ; no     ; no             ; no            ; yes             ; no       ; Off          ; 2.5 V        ; --                        ; Fitter               ; 0         ;
; E2   ; A11   ; 7        ; 51           ; 54           ; 7            ; 22                    ; 0                  ; no     ; no             ; no            ; yes             ; no       ; Off          ; 2.5 V        ; --                        ; Fitter               ; 0         ;
+------+-------+----------+--------------+--------------+--------------+-----------------------+--------------------+--------+----------------+---------------+-----------------+----------+--------------+--------------+---------------------------+----------------------+-----------+


+-------------------------------------------------------------------------------------------------------------------------------------------------------------------------------------------------------------------------------------------------------------------------------------------------------------------------------------------------------------------------------------------------------------------------------------------------------+
; Output Pins                                                                                                                                                                                                                                                                                                                                                                                                                                           ;
+------+-------+----------+--------------+--------------+--------------+-----------------+------------------------+---------------+-----------+-----------------+------------+---------------+----------+--------------+--------------+------------------+-----------------------------------+---------------------------+----------------------------+-----------------------------+----------------------+----------------------+---------------------+
; Name ; Pin # ; I/O Bank ; X coordinate ; Y coordinate ; Z coordinate ; Output Register ; Output Enable Register ; Power Up High ; Slew Rate ; PCI I/O Enabled ; Open Drain ; TRI Primitive ; Bus Hold ; Weak Pull Up ; I/O Standard ; Current Strength ; Termination                       ; Termination Control Block ; Output Buffer Pre-emphasis ; Voltage Output Differential ; Location assigned by ; Output Enable Source ; Output Enable Group ;
+------+-------+----------+--------------+--------------+--------------+-----------------+------------------------+---------------+-----------+-----------------+------------+---------------+----------+--------------+--------------+------------------+-----------------------------------+---------------------------+----------------------------+-----------------------------+----------------------+----------------------+---------------------+
; R0   ; J11   ; 7        ; 49           ; 54           ; 21           ; no              ; no                     ; no            ; 2         ; no              ; no         ; no            ; no       ; Off          ; 2.5 V        ; Default          ; Series 50 Ohm without Calibration ; --                        ; no                         ; no                          ; Fitter               ; -                    ; -                   ;
; R1   ; H12   ; 7        ; 49           ; 54           ; 14           ; no              ; no                     ; no            ; 2         ; no              ; no         ; no            ; no       ; Off          ; 2.5 V        ; Default          ; Series 50 Ohm without Calibration ; --                        ; no                         ; no                          ; Fitter               ; -                    ; -                   ;
; R2   ; A12   ; 7        ; 54           ; 54           ; 21           ; no              ; no                     ; no            ; 2         ; no              ; no         ; no            ; no       ; Off          ; 2.5 V        ; Default          ; Series 50 Ohm without Calibration ; --                        ; no                         ; no                          ; Fitter               ; -                    ; -                   ;
; R3   ; A8    ; 7        ; 46           ; 54           ; 0            ; no              ; no                     ; no            ; 2         ; no              ; no         ; no            ; no       ; Off          ; 2.5 V        ; Default          ; Series 50 Ohm without Calibration ; --                        ; no                         ; no                          ; Fitter               ; -                    ; -                   ;
; R4   ; B11   ; 7        ; 49           ; 54           ; 7            ; no              ; no                     ; no            ; 2         ; no              ; no         ; no            ; no       ; Off          ; 2.5 V        ; Default          ; Series 50 Ohm without Calibration ; --                        ; no                         ; no                          ; Fitter               ; -                    ; -                   ;
; R5   ; C11   ; 7        ; 51           ; 54           ; 21           ; no              ; no                     ; no            ; 2         ; no              ; no         ; no            ; no       ; Off          ; 2.5 V        ; Default          ; Series 50 Ohm without Calibration ; --                        ; no                         ; no                          ; Fitter               ; -                    ; -                   ;
; R6   ; D8    ; 8        ; 31           ; 39           ; 0            ; no              ; no                     ; no            ; 2         ; no              ; no         ; no            ; no       ; Off          ; 2.5 V        ; Default          ; Series 50 Ohm without Calibration ; --                        ; no                         ; no                          ; Fitter               ; -                    ; -                   ;
; R7   ; B10   ; 7        ; 46           ; 54           ; 7            ; no              ; no                     ; no            ; 2         ; no              ; no         ; no            ; no       ; Off          ; 2.5 V        ; Default          ; Series 50 Ohm without Calibration ; --                        ; no                         ; no                          ; Fitter               ; -                    ; -                   ;
; a0   ; D12   ; 7        ; 51           ; 54           ; 0            ; no              ; no                     ; no            ; 2         ; no              ; no         ; no            ; no       ; Off          ; 2.5 V        ; Default          ; Series 50 Ohm without Calibration ; --                        ; no                         ; no                          ; Fitter               ; -                    ; -                   ;
; a1   ; B7    ; 8        ; 34           ; 39           ; 21           ; no              ; no                     ; no            ; 2         ; no              ; no         ; no            ; no       ; Off          ; 2.5 V        ; Default          ; Series 50 Ohm without Calibration ; --                        ; no                         ; no                          ; Fitter               ; -                    ; -                   ;
; b0   ; A6    ; 8        ; 34           ; 39           ; 28           ; no              ; no                     ; no            ; 2         ; no              ; no         ; no            ; no       ; Off          ; 2.5 V        ; Default          ; Series 50 Ohm without Calibration ; --                        ; no                         ; no                          ; Fitter               ; -                    ; -                   ;
; b1   ; A10   ; 7        ; 51           ; 54           ; 14           ; no              ; no                     ; no            ; 2         ; no              ; no         ; no            ; no       ; Off          ; 2.5 V        ; Default          ; Series 50 Ohm without Calibration ; --                        ; no                         ; no                          ; Fitter               ; -                    ; -                   ;
; c0   ; C10   ; 7        ; 51           ; 54           ; 28           ; no              ; no                     ; no            ; 2         ; no              ; no         ; no            ; no       ; Off          ; 2.5 V        ; Default          ; Series 50 Ohm without Calibration ; --                        ; no                         ; no                          ; Fitter               ; -                    ; -                   ;
; c1   ; C7    ; 8        ; 34           ; 39           ; 0            ; no              ; no                     ; no            ; 2         ; no              ; no         ; no            ; no       ; Off          ; 2.5 V        ; Default          ; Series 50 Ohm without Calibration ; --                        ; no                         ; no                          ; Fitter               ; -                    ; -                   ;
; d0   ; A9    ; 7        ; 46           ; 54           ; 21           ; no              ; no                     ; no            ; 2         ; no              ; no         ; no            ; no       ; Off          ; 2.5 V        ; Default          ; Series 50 Ohm without Calibration ; --                        ; no                         ; no                          ; Fitter               ; -                    ; -                   ;
; d1   ; E11   ; 8        ; 36           ; 39           ; 14           ; no              ; no                     ; no            ; 2         ; no              ; no         ; no            ; no       ; Off          ; 2.5 V        ; Default          ; Series 50 Ohm without Calibration ; --                        ; no                         ; no                          ; Fitter               ; -                    ; -                   ;
; e0   ; B12   ; 7        ; 49           ; 54           ; 0            ; no              ; no                     ; no            ; 2         ; no              ; no         ; no            ; no       ; Off          ; 2.5 V        ; Default          ; Series 50 Ohm without Calibration ; --                        ; no                         ; no                          ; Fitter               ; -                    ; -                   ;
; e1   ; A7    ; 7        ; 49           ; 54           ; 28           ; no              ; no                     ; no            ; 2         ; no              ; no         ; no            ; no       ; Off          ; 2.5 V        ; Default          ; Series 50 Ohm without Calibration ; --                        ; no                         ; no                          ; Fitter               ; -                    ; -                   ;
; f0   ; B8    ; 7        ; 46           ; 54           ; 28           ; no              ; no                     ; no            ; 2         ; no              ; no         ; no            ; no       ; Off          ; 2.5 V        ; Default          ; Series 50 Ohm without Calibration ; --                        ; no                         ; no                          ; Fitter               ; -                    ; -                   ;
; f1   ; C8    ; 8        ; 36           ; 39           ; 28           ; no              ; no                     ; no            ; 2         ; no              ; no         ; no            ; no       ; Off          ; 2.5 V        ; Default          ; Series 50 Ohm without Calibration ; --                        ; no                         ; no                          ; Fitter               ; -                    ; -                   ;
; g0   ; H11   ; 8        ; 34           ; 39           ; 14           ; no              ; no                     ; no            ; 2         ; no              ; no         ; no            ; no       ; Off          ; 2.5 V        ; Default          ; Series 50 Ohm without Calibration ; --                        ; no                         ; no                          ; Fitter               ; -                    ; -                   ;
; g1   ; E10   ; 8        ; 36           ; 39           ; 21           ; no              ; no                     ; no            ; 2         ; no              ; no         ; no            ; no       ; Off          ; 2.5 V        ; Default          ; Series 50 Ohm without Calibration ; --                        ; no                         ; no                          ; Fitter               ; -                    ; -                   ;
; led1 ; A13   ; 7        ; 54           ; 54           ; 14           ; no              ; no                     ; no            ; 2         ; no              ; no         ; no            ; no       ; Off          ; 2.5 V        ; Default          ; Series 50 Ohm without Calibration ; --                        ; no                         ; no                          ; Fitter               ; -                    ; -                   ;
; led2 ; A15   ; 7        ; 58           ; 54           ; 0            ; no              ; no                     ; no            ; 2         ; no              ; no         ; no            ; no       ; Off          ; 2.5 V        ; Default          ; Series 50 Ohm without Calibration ; --                        ; no                         ; no                          ; Fitter               ; -                    ; -                   ;
+------+-------+----------+--------------+--------------+--------------+-----------------+------------------------+---------------+-----------+-----------------+------------+---------------+----------+--------------+--------------+------------------+-----------------------------------+---------------------------+----------------------------+-----------------------------+----------------------+----------------------+---------------------+


+-----------------------------------------------------------------------------------------------------------------------------------------+
; Dual Purpose and Dedicated Pins                                                                                                         ;
+----------+----------------------------------------------------+--------------------------------+---------------------+------------------+
; Location ; Pin Name                                           ; Reserved As                    ; User Signal Name    ; Pin Type         ;
+----------+----------------------------------------------------+--------------------------------+---------------------+------------------+
; H2       ; DIFFIO_RX_L17n, DIFFOUT_L17n, TMS, Low_Speed       ; Reserved as secondary function ; ~ALTERA_TMS~        ; Dual Purpose Pin ;
; G2       ; DIFFIO_RX_L17p, DIFFOUT_L17p, TCK, Low_Speed       ; Reserved as secondary function ; ~ALTERA_TCK~        ; Dual Purpose Pin ;
; L4       ; DIFFIO_RX_L18n, DIFFOUT_L18n, TDI, Low_Speed       ; Reserved as secondary function ; ~ALTERA_TDI~        ; Dual Purpose Pin ;
; M5       ; DIFFIO_RX_L18p, DIFFOUT_L18p, TDO, Low_Speed       ; Reserved as secondary function ; ~ALTERA_TDO~        ; Dual Purpose Pin ;
; H10      ; CONFIG_SEL, Low_Speed                              ; Reserved as secondary function ; ~ALTERA_CONFIG_SEL~ ; Dual Purpose Pin ;
; H9       ; nCONFIG, Low_Speed                                 ; Reserved as secondary function ; ~ALTERA_nCONFIG~    ; Dual Purpose Pin ;
; G9       ; DIFFIO_RX_T50p, DIFFOUT_T50p, nSTATUS, Low_Speed   ; Reserved as secondary function ; ~ALTERA_nSTATUS~    ; Dual Purpose Pin ;
; F8       ; DIFFIO_RX_T50n, DIFFOUT_T50n, CONF_DONE, Low_Speed ; Reserved as secondary function ; ~ALTERA_CONF_DONE~  ; Dual Purpose Pin ;
+----------+----------------------------------------------------+--------------------------------+---------------------+------------------+


+------------------------------------------------------------+
; I/O Bank Usage                                             ;
+----------+------------------+---------------+--------------+
; I/O Bank ; Usage            ; VCCIO Voltage ; VREF Voltage ;
+----------+------------------+---------------+--------------+
; 1A       ; 0 / 16 ( 0 % )   ; 2.5V          ; --           ;
; 1B       ; 4 / 24 ( 17 % )  ; 2.5V          ; --           ;
; 2        ; 0 / 36 ( 0 % )   ; 2.5V          ; --           ;
; 3        ; 0 / 48 ( 0 % )   ; 2.5V          ; --           ;
; 4        ; 0 / 48 ( 0 % )   ; 2.5V          ; --           ;
; 5        ; 0 / 40 ( 0 % )   ; 2.5V          ; --           ;
; 6        ; 0 / 60 ( 0 % )   ; 2.5V          ; --           ;
; 7        ; 28 / 52 ( 54 % ) ; 2.5V          ; --           ;
; 8        ; 12 / 36 ( 33 % ) ; 2.5V          ; --           ;
+----------+------------------+---------------+--------------+


+---------------------------------------------------------------------------------------------------------------------------------------------------------------------------------------+
; All Package Pins                                                                                                                                                                      ;
+----------+------------+----------+------------------------------------------------+--------+-----------------------+---------+------------+-----------------+----------+--------------+
; Location ; Pad Number ; I/O Bank ; Pin Name/Usage                                 ; Dir.   ; I/O Standard          ; Voltage ; I/O Type   ; User Assignment ; Bus Hold ; Weak Pull Up ;
+----------+------------+----------+------------------------------------------------+--------+-----------------------+---------+------------+-----------------+----------+--------------+
; A1       ;            ;          ; GND                                            ; gnd    ;                       ;         ; --         ;                 ; --       ; --           ;
; A2       ; 481        ; 8        ; RESERVED_INPUT_WITH_WEAK_PULLUP                ;        ;                       ;         ; Column I/O ;                 ; no       ; On           ;
; A3       ; 483        ; 8        ; RESERVED_INPUT_WITH_WEAK_PULLUP                ;        ;                       ;         ; Column I/O ;                 ; no       ; On           ;
; A4       ; 475        ; 8        ; RESERVED_INPUT_WITH_WEAK_PULLUP                ;        ;                       ;         ; Column I/O ;                 ; no       ; On           ;
; A5       ; 473        ; 8        ; RESERVED_INPUT_WITH_WEAK_PULLUP                ;        ;                       ;         ; Column I/O ;                 ; no       ; On           ;
; A6       ; 471        ; 8        ; b0                                             ; output ; 2.5 V                 ;         ; Column I/O ; N               ; no       ; Off          ;
; A7       ; 445        ; 7        ; e1                                             ; output ; 2.5 V                 ;         ; Column I/O ; N               ; no       ; Off          ;
; A8       ; 447        ; 7        ; R3                                             ; output ; 2.5 V                 ;         ; Column I/O ; N               ; no       ; Off          ;
; A9       ; 449        ; 7        ; d0                                             ; output ; 2.5 V                 ;         ; Column I/O ; N               ; no       ; Off          ;
; A10      ; 439        ; 7        ; b1                                             ; output ; 2.5 V                 ;         ; Column I/O ; N               ; no       ; Off          ;
; A11      ; 437        ; 7        ; E2                                             ; input  ; 2.5 V                 ;         ; Column I/O ; N               ; no       ; Off          ;
; A12      ; 435        ; 7        ; R2                                             ; output ; 2.5 V                 ;         ; Column I/O ; N               ; no       ; Off          ;
; A13      ; 433        ; 7        ; led1                                           ; output ; 2.5 V                 ;         ; Column I/O ; N               ; no       ; Off          ;
; A14      ; 425        ; 7        ; Cin                                            ; input  ; 2.5 V                 ;         ; Column I/O ; N               ; no       ; Off          ;
; A15      ; 421        ; 7        ; led2                                           ; output ; 2.5 V                 ;         ; Column I/O ; N               ; no       ; Off          ;
; A16      ; 419        ; 7        ; RESERVED_INPUT_WITH_WEAK_PULLUP                ;        ;                       ;         ; Column I/O ;                 ; no       ; On           ;
; A17      ; 407        ; 7        ; RESERVED_INPUT_WITH_WEAK_PULLUP                ;        ;                       ;         ; Column I/O ;                 ; no       ; On           ;
; A18      ; 405        ; 7        ; RESERVED_INPUT_WITH_WEAK_PULLUP                ;        ;                       ;         ; Column I/O ;                 ; no       ; On           ;
; A19      ; 403        ; 7        ; RESERVED_INPUT_WITH_WEAK_PULLUP                ;        ;                       ;         ; Column I/O ;                 ; no       ; On           ;
; A20      ; 401        ; 7        ; RESERVED_INPUT_WITH_WEAK_PULLUP                ;        ;                       ;         ; Column I/O ;                 ; no       ; On           ;
; A21      ; 371        ; 6        ; RESERVED_INPUT_WITH_WEAK_PULLUP                ;        ;                       ;         ; Row I/O    ;                 ; no       ; On           ;
; A22      ;            ;          ; GND                                            ; gnd    ;                       ;         ; --         ;                 ; --       ; --           ;
; AA1      ; 133        ; 3        ; RESERVED_INPUT_WITH_WEAK_PULLUP                ;        ;                       ;         ; Column I/O ;                 ; no       ; On           ;
; AA2      ; 135        ; 3        ; RESERVED_INPUT_WITH_WEAK_PULLUP                ;        ;                       ;         ; Column I/O ;                 ; no       ; On           ;
; AA3      ; 153        ; 3        ; RESERVED_INPUT_WITH_WEAK_PULLUP                ;        ;                       ;         ; Column I/O ;                 ; --       ; --           ;
; AA4      ;            ;          ; GND                                            ; gnd    ;                       ;         ; --         ;                 ; --       ; --           ;
; AA5      ; 157        ; 3        ; RESERVED_INPUT_WITH_WEAK_PULLUP                ;        ;                       ;         ; Column I/O ;                 ; no       ; On           ;
; AA6      ; 156        ; 3        ; RESERVED_INPUT_WITH_WEAK_PULLUP                ;        ;                       ;         ; Column I/O ;                 ; no       ; On           ;
; AA7      ; 158        ; 3        ; RESERVED_INPUT_WITH_WEAK_PULLUP                ;        ;                       ;         ; Column I/O ;                 ; no       ; On           ;
; AA8      ; 165        ; 3        ; RESERVED_INPUT_WITH_WEAK_PULLUP                ;        ;                       ;         ; Column I/O ;                 ; no       ; On           ;
; AA9      ; 169        ; 3        ; RESERVED_INPUT_WITH_WEAK_PULLUP                ;        ;                       ;         ; Column I/O ;                 ; no       ; On           ;
; AA10     ; 170        ; 3        ; RESERVED_INPUT_WITH_WEAK_PULLUP                ;        ;                       ;         ; Column I/O ;                 ; no       ; On           ;
; AA11     ; 180        ; 4        ; RESERVED_INPUT_WITH_WEAK_PULLUP                ;        ;                       ;         ; Column I/O ;                 ; no       ; On           ;
; AA12     ; 182        ; 4        ; RESERVED_INPUT_WITH_WEAK_PULLUP                ;        ;                       ;         ; Column I/O ;                 ; no       ; On           ;
; AA13     ; 197        ; 4        ; RESERVED_INPUT_WITH_WEAK_PULLUP                ;        ;                       ;         ; Column I/O ;                 ; --       ; --           ;
; AA14     ; 201        ; 4        ; RESERVED_INPUT_WITH_WEAK_PULLUP                ;        ;                       ;         ; Column I/O ;                 ; no       ; On           ;
; AA15     ; 205        ; 4        ; RESERVED_INPUT_WITH_WEAK_PULLUP                ;        ;                       ;         ; Column I/O ;                 ; no       ; On           ;
; AA16     ; 211        ; 4        ; RESERVED_INPUT_WITH_WEAK_PULLUP                ;        ;                       ;         ; Column I/O ;                 ; no       ; On           ;
; AA17     ; 212        ; 4        ; RESERVED_INPUT_WITH_WEAK_PULLUP                ;        ;                       ;         ; Column I/O ;                 ; no       ; On           ;
; AA18     ;            ;          ; GND                                            ; gnd    ;                       ;         ; --         ;                 ; --       ; --           ;
; AA19     ; 217        ; 4        ; RESERVED_INPUT_WITH_WEAK_PULLUP                ;        ;                       ;         ; Column I/O ;                 ; no       ; On           ;
; AA20     ; 227        ; 4        ; RESERVED_INPUT_WITH_WEAK_PULLUP                ;        ;                       ;         ; Column I/O ;                 ; no       ; On           ;
; AA21     ; 245        ; 5        ; RESERVED_INPUT_WITH_WEAK_PULLUP                ;        ;                       ;         ; Row I/O    ;                 ; no       ; On           ;
; AA22     ; 247        ; 5        ; RESERVED_INPUT_WITH_WEAK_PULLUP                ;        ;                       ;         ; Row I/O    ;                 ; no       ; On           ;
; AB1      ;            ;          ; GND                                            ; gnd    ;                       ;         ; --         ;                 ; --       ; --           ;
; AB2      ; 145        ; 3        ; RESERVED_INPUT_WITH_WEAK_PULLUP                ;        ;                       ;         ; Column I/O ;                 ; no       ; On           ;
; AB3      ; 147        ; 3        ; RESERVED_INPUT_WITH_WEAK_PULLUP                ;        ;                       ;         ; Column I/O ;                 ; no       ; On           ;
; AB4      ; 155        ; 3        ; RESERVED_INPUT_WITH_WEAK_PULLUP                ;        ;                       ;         ; Column I/O ;                 ; no       ; On           ;
; AB5      ; 159        ; 3        ; RESERVED_INPUT_WITH_WEAK_PULLUP                ;        ;                       ;         ; Column I/O ;                 ; no       ; On           ;
; AB6      ; 161        ; 3        ; RESERVED_INPUT_WITH_WEAK_PULLUP                ;        ;                       ;         ; Column I/O ;                 ; no       ; On           ;
; AB7      ; 163        ; 3        ; RESERVED_INPUT_WITH_WEAK_PULLUP                ;        ;                       ;         ; Column I/O ;                 ; no       ; On           ;
; AB8      ; 167        ; 3        ; RESERVED_INPUT_WITH_WEAK_PULLUP                ;        ;                       ;         ; Column I/O ;                 ; no       ; On           ;
; AB9      ; 171        ; 3        ; RESERVED_INPUT_WITH_WEAK_PULLUP                ;        ;                       ;         ; Column I/O ;                 ; no       ; On           ;
; AB10     ; 177        ; 4        ; RESERVED_INPUT_WITH_WEAK_PULLUP                ;        ;                       ;         ; Column I/O ;                 ; no       ; On           ;
; AB11     ; 179        ; 4        ; RESERVED_INPUT_WITH_WEAK_PULLUP                ;        ;                       ;         ; Column I/O ;                 ; no       ; On           ;
; AB12     ; 181        ; 4        ; RESERVED_INPUT_WITH_WEAK_PULLUP                ;        ;                       ;         ; Column I/O ;                 ; no       ; On           ;
; AB13     ; 183        ; 4        ; RESERVED_INPUT_WITH_WEAK_PULLUP                ;        ;                       ;         ; Column I/O ;                 ; no       ; On           ;
; AB14     ; 199        ; 4        ; RESERVED_INPUT_WITH_WEAK_PULLUP                ;        ;                       ;         ; Column I/O ;                 ; no       ; On           ;
; AB15     ; 203        ; 4        ; RESERVED_INPUT_WITH_WEAK_PULLUP                ;        ;                       ;         ; Column I/O ;                 ; no       ; On           ;
; AB16     ; 209        ; 4        ; RESERVED_INPUT_WITH_WEAK_PULLUP                ;        ;                       ;         ; Column I/O ;                 ; no       ; On           ;
; AB17     ; 241        ; 4        ; RESERVED_INPUT_WITH_WEAK_PULLUP                ;        ;                       ;         ; Column I/O ;                 ; no       ; On           ;
; AB18     ; 243        ; 4        ; RESERVED_INPUT_WITH_WEAK_PULLUP                ;        ;                       ;         ; Column I/O ;                 ; no       ; On           ;
; AB19     ; 213        ; 4        ; RESERVED_INPUT_WITH_WEAK_PULLUP                ;        ;                       ;         ; Column I/O ;                 ; no       ; On           ;
; AB20     ; 215        ; 4        ; RESERVED_INPUT_WITH_WEAK_PULLUP                ;        ;                       ;         ; Column I/O ;                 ; no       ; On           ;
; AB21     ; 225        ; 4        ; RESERVED_INPUT_WITH_WEAK_PULLUP                ;        ;                       ;         ; Column I/O ;                 ; no       ; On           ;
; AB22     ;            ;          ; GND                                            ; gnd    ;                       ;         ; --         ;                 ; --       ; --           ;
; B1       ; 495        ; 8        ; RESERVED_INPUT_WITH_WEAK_PULLUP                ;        ;                       ;         ; Column I/O ;                 ; no       ; On           ;
; B2       ; 493        ; 8        ; RESERVED_INPUT_WITH_WEAK_PULLUP                ;        ;                       ;         ; Column I/O ;                 ; no       ; On           ;
; B3       ; 484        ; 8        ; RESERVED_INPUT_WITH_WEAK_PULLUP                ;        ;                       ;         ; Column I/O ;                 ; no       ; On           ;
; B4       ; 486        ; 8        ; RESERVED_INPUT_WITH_WEAK_PULLUP                ;        ;                       ;         ; Column I/O ;                 ; no       ; On           ;
; B5       ; 485        ; 8        ; RESERVED_INPUT_WITH_WEAK_PULLUP                ;        ;                       ;         ; Column I/O ;                 ; no       ; On           ;
; B6       ;            ;          ; GND                                            ; gnd    ;                       ;         ; --         ;                 ; --       ; --           ;
; B7       ; 469        ; 8        ; a1                                             ; output ; 2.5 V                 ;         ; Column I/O ; N               ; no       ; Off          ;
; B8       ; 451        ; 7        ; f0                                             ; output ; 2.5 V                 ;         ; Column I/O ; N               ; no       ; Off          ;
; B9       ;            ;          ; GND                                            ; gnd    ;                       ;         ; --         ;                 ; --       ; --           ;
; B10      ; 448        ; 7        ; R7                                             ; output ; 2.5 V                 ;         ; Column I/O ; N               ; no       ; Off          ;
; B11      ; 443        ; 7        ; R4                                             ; output ; 2.5 V                 ;         ; Column I/O ; N               ; no       ; Off          ;
; B12      ; 441        ; 7        ; e0                                             ; output ; 2.5 V                 ;         ; Column I/O ; N               ; no       ; Off          ;
; B13      ;            ;          ; GND                                            ; gnd    ;                       ;         ; --         ;                 ; --       ; --           ;
; B14      ; 427        ; 7        ; A1                                             ; input  ; 2.5 V                 ;         ; Column I/O ; N               ; no       ; Off          ;
; B15      ; 423        ; 7        ; A3                                             ; input  ; 2.5 V                 ;         ; Column I/O ; N               ; no       ; Off          ;
; B16      ; 417        ; 7        ; RESERVED_INPUT_WITH_WEAK_PULLUP                ;        ;                       ;         ; Column I/O ;                 ; no       ; On           ;
; B17      ; 402        ; 7        ; RESERVED_INPUT_WITH_WEAK_PULLUP                ;        ;                       ;         ; Column I/O ;                 ; no       ; On           ;
; B18      ;            ;          ; GND                                            ; gnd    ;                       ;         ; --         ;                 ; --       ; --           ;
; B19      ; 399        ; 7        ; RESERVED_INPUT_WITH_WEAK_PULLUP                ;        ;                       ;         ; Column I/O ;                 ; no       ; On           ;
; B20      ; 369        ; 6        ; RESERVED_INPUT_WITH_WEAK_PULLUP                ;        ;                       ;         ; Row I/O    ;                 ; no       ; On           ;
; B21      ; 367        ; 6        ; RESERVED_INPUT_WITH_WEAK_PULLUP                ;        ;                       ;         ; Row I/O    ;                 ; no       ; On           ;
; B22      ; 365        ; 6        ; RESERVED_INPUT_WITH_WEAK_PULLUP                ;        ;                       ;         ; Row I/O    ;                 ; no       ; On           ;
; C1       ; 33         ; 1B       ; RESERVED_INPUT_WITH_WEAK_PULLUP                ;        ;                       ;         ; Row I/O    ;                 ; --       ; --           ;
; C2       ; 499        ; 8        ; RESERVED_INPUT_WITH_WEAK_PULLUP                ;        ;                       ;         ; Column I/O ;                 ; no       ; On           ;
; C3       ; 497        ; 8        ; RESERVED_INPUT_WITH_WEAK_PULLUP                ;        ;                       ;         ; Column I/O ;                 ; no       ; On           ;
; C4       ; 487        ; 8        ; RESERVED_INPUT_WITH_WEAK_PULLUP                ;        ;                       ;         ; Column I/O ;                 ; no       ; On           ;
; C5       ; 489        ; 8        ; RESERVED_INPUT_WITH_WEAK_PULLUP                ;        ;                       ;         ; Column I/O ;                 ; no       ; On           ;
; C6       ; 477        ; 8        ; RESERVED_INPUT_WITH_WEAK_PULLUP                ;        ;                       ;         ; Column I/O ;                 ; no       ; On           ;
; C7       ; 467        ; 8        ; c1                                             ; output ; 2.5 V                 ;         ; Column I/O ; N               ; no       ; Off          ;
; C8       ; 465        ; 8        ; f1                                             ; output ; 2.5 V                 ;         ; Column I/O ; N               ; no       ; Off          ;
; C9       ; 450        ; 7        ; RESERVED_INPUT_WITH_WEAK_PULLUP                ;        ;                       ;         ; Column I/O ;                 ; no       ; On           ;
; C10      ; 442        ; 7        ; c0                                             ; output ; 2.5 V                 ;         ; Column I/O ; N               ; no       ; Off          ;
; C11      ; 440        ; 7        ; R5                                             ; output ; 2.5 V                 ;         ; Column I/O ; N               ; no       ; Off          ;
; C12      ; 436        ; 7        ; E1                                             ; input  ; 2.5 V                 ;         ; Column I/O ; N               ; no       ; Off          ;
; C13      ; 426        ; 7        ; RESERVED_INPUT_WITH_WEAK_PULLUP                ;        ;                       ;         ; Column I/O ;                 ; no       ; On           ;
; C14      ; 424        ; 7        ; B3                                             ; input  ; 2.5 V                 ;         ; Column I/O ; N               ; no       ; Off          ;
; C15      ; 418        ; 7        ; B2                                             ; input  ; 2.5 V                 ;         ; Column I/O ; N               ; no       ; Off          ;
; C16      ; 416        ; 7        ; RESERVED_INPUT_WITH_WEAK_PULLUP                ;        ;                       ;         ; Column I/O ;                 ; no       ; On           ;
; C17      ; 391        ; 7        ; RESERVED_INPUT_WITH_WEAK_PULLUP                ;        ;                       ;         ; Column I/O ;                 ; no       ; On           ;
; C18      ; 400        ; 7        ; RESERVED_INPUT_WITH_WEAK_PULLUP                ;        ;                       ;         ; Column I/O ;                 ; no       ; On           ;
; C19      ; 397        ; 7        ; RESERVED_INPUT_WITH_WEAK_PULLUP                ;        ;                       ;         ; Column I/O ;                 ; no       ; On           ;
; C20      ; 357        ; 6        ; RESERVED_INPUT_WITH_WEAK_PULLUP                ;        ;                       ;         ; Row I/O    ;                 ; no       ; On           ;
; C21      ; 347        ; 6        ; RESERVED_INPUT_WITH_WEAK_PULLUP                ;        ;                       ;         ; Row I/O    ;                 ; no       ; On           ;
; C22      ; 343        ; 6        ; RESERVED_INPUT_WITH_WEAK_PULLUP                ;        ;                       ;         ; Row I/O    ;                 ; no       ; On           ;
; D1       ; 35         ; 1B       ; RESERVED_INPUT_WITH_WEAK_PULLUP                ;        ;                       ;         ; Row I/O    ;                 ; no       ; On           ;
; D2       ; 31         ; 1B       ; RESERVED_INPUT_WITH_WEAK_PULLUP                ;        ;                       ;         ; Row I/O    ;                 ; no       ; On           ;
; D3       ; 29         ; 1B       ; RESERVED_INPUT_WITH_WEAK_PULLUP                ;        ;                       ;         ; Row I/O    ;                 ; no       ; On           ;
; D4       ;            ;          ; GND                                            ; gnd    ;                       ;         ; --         ;                 ; --       ; --           ;
; D5       ; 491        ; 8        ; RESERVED_INPUT_WITH_WEAK_PULLUP                ;        ;                       ;         ; Column I/O ;                 ; no       ; On           ;
; D6       ; 496        ; 8        ; RESERVED_INPUT_WITH_WEAK_PULLUP                ;        ;                       ;         ; Column I/O ;                 ; no       ; On           ;
; D7       ; 479        ; 8        ; RESERVED_INPUT_WITH_WEAK_PULLUP                ;        ;                       ;         ; Column I/O ;                 ; --       ; --           ;
; D8       ; 472        ; 8        ; R6                                             ; output ; 2.5 V                 ;         ; Column I/O ; N               ; no       ; Off          ;
; D9       ; 474        ; 8        ; RESERVED_INPUT_WITH_WEAK_PULLUP                ;        ;                       ;         ; Column I/O ;                 ; no       ; On           ;
; D10      ; 476        ; 8        ; RESERVED_INPUT_WITH_WEAK_PULLUP                ;        ;                       ;         ; Column I/O ;                 ; no       ; On           ;
; D11      ;            ;          ; GND                                            ; gnd    ;                       ;         ; --         ;                 ; --       ; --           ;
; D12      ; 438        ; 7        ; a0                                             ; output ; 2.5 V                 ;         ; Column I/O ; N               ; no       ; Off          ;
; D13      ; 431        ; 7        ; B1                                             ; input  ; 2.5 V                 ;         ; Column I/O ; N               ; no       ; Off          ;
; D14      ; 428        ; 7        ; RESERVED_INPUT_WITH_WEAK_PULLUP                ;        ;                       ;         ; Column I/O ;                 ; no       ; On           ;
; D15      ; 404        ; 7        ; RESERVED_INPUT_WITH_WEAK_PULLUP                ;        ;                       ;         ; Column I/O ;                 ; no       ; On           ;
; D16      ;            ;          ; GND                                            ; gnd    ;                       ;         ; --         ;                 ; --       ; --           ;
; D17      ; 389        ; 7        ; RESERVED_INPUT_WITH_WEAK_PULLUP                ;        ;                       ;         ; Column I/O ;                 ; no       ; On           ;
; D18      ; 385        ; 6        ; RESERVED_INPUT_WITH_WEAK_PULLUP                ;        ;                       ;         ; Row I/O    ;                 ; no       ; On           ;
; D19      ; 359        ; 6        ; RESERVED_INPUT_WITH_WEAK_PULLUP                ;        ;                       ;         ; Row I/O    ;                 ; no       ; On           ;
; D20      ;            ;          ; GND                                            ; gnd    ;                       ;         ; --         ;                 ; --       ; --           ;
; D21      ; 345        ; 6        ; RESERVED_INPUT_WITH_WEAK_PULLUP                ;        ;                       ;         ; Row I/O    ;                 ; --       ; --           ;
; D22      ; 341        ; 6        ; RESERVED_INPUT_WITH_WEAK_PULLUP                ;        ;                       ;         ; Row I/O    ;                 ; no       ; On           ;
; E1       ; 41         ; 1B       ; RESERVED_INPUT_WITH_WEAK_PULLUP                ;        ;                       ;         ; Row I/O    ;                 ; no       ; On           ;
; E2       ;            ;          ; GND                                            ; gnd    ;                       ;         ; --         ;                 ; --       ; --           ;
; E3       ; 3          ; 1A       ; RESERVED_INPUT_WITH_WEAK_PULLUP                ;        ;                       ;         ; Row I/O    ;                 ; no       ; On           ;
; E4       ; 1          ; 1A       ; RESERVED_INPUT_WITH_WEAK_PULLUP                ;        ;                       ;         ; Row I/O    ;                 ; no       ; On           ;
; E5       ;            ;          ; NC                                             ;        ;                       ;         ; --         ;                 ; --       ; --           ;
; E6       ; 498        ; 8        ; RESERVED_INPUT_WITH_WEAK_PULLUP                ;        ;                       ;         ; Column I/O ;                 ; no       ; On           ;
; E7       ;            ;          ; GND                                            ; gnd    ;                       ;         ; --         ;                 ; --       ; --           ;
; E8       ; 488        ; 8        ; RESERVED_INPUT_WITH_WEAK_PULLUP                ;        ;                       ;         ; Column I/O ;                 ; no       ; On           ;
; E9       ; 478        ; 8        ; RESERVED_INPUT_WITH_WEAK_PULLUP                ;        ;                       ;         ; Column I/O ;                 ; no       ; On           ;
; E10      ; 466        ; 8        ; g1                                             ; output ; 2.5 V                 ;         ; Column I/O ; N               ; no       ; Off          ;
; E11      ; 464        ; 8        ; d1                                             ; output ; 2.5 V                 ;         ; Column I/O ; N               ; no       ; Off          ;
; E12      ; 429        ; 7        ; A0                                             ; input  ; 2.5 V                 ;         ; Column I/O ; N               ; no       ; Off          ;
; E13      ; 430        ; 7        ; B0                                             ; input  ; 2.5 V                 ;         ; Column I/O ; N               ; no       ; Off          ;
; E14      ; 406        ; 7        ; RESERVED_INPUT_WITH_WEAK_PULLUP                ;        ;                       ;         ; Column I/O ;                 ; no       ; On           ;
; E15      ; 390        ; 7        ; RESERVED_INPUT_WITH_WEAK_PULLUP                ;        ;                       ;         ; Column I/O ;                 ; no       ; On           ;
; E16      ; 388        ; 7        ; RESERVED_INPUT_WITH_WEAK_PULLUP                ;        ;                       ;         ; Column I/O ;                 ; no       ; On           ;
; E17      ; 366        ; 6        ; RESERVED_INPUT_WITH_WEAK_PULLUP                ;        ;                       ;         ; Row I/O    ;                 ; no       ; On           ;
; E18      ; 387        ; 6        ; RESERVED_INPUT_WITH_WEAK_PULLUP                ;        ;                       ;         ; Row I/O    ;                 ; no       ; On           ;
; E19      ; 352        ; 6        ; RESERVED_INPUT_WITH_WEAK_PULLUP                ;        ;                       ;         ; Row I/O    ;                 ; no       ; On           ;
; E20      ; 355        ; 6        ; RESERVED_INPUT_WITH_WEAK_PULLUP                ;        ;                       ;         ; Row I/O    ;                 ; no       ; On           ;
; E21      ; 335        ; 6        ; RESERVED_INPUT_WITH_WEAK_PULLUP                ;        ;                       ;         ; Row I/O    ;                 ; no       ; On           ;
; E22      ; 333        ; 6        ; RESERVED_INPUT_WITH_WEAK_PULLUP                ;        ;                       ;         ; Row I/O    ;                 ; no       ; On           ;
; F1       ; 47         ; 1B       ; RESERVED_INPUT_WITH_WEAK_PULLUP                ;        ;                       ;         ; Row I/O    ;                 ; no       ; On           ;
; F2       ; 43         ; 1B       ; RESERVED_INPUT_WITH_WEAK_PULLUP                ;        ;                       ;         ; Row I/O    ;                 ; no       ; On           ;
; F3       ; 7          ; 1A       ; RESERVED_INPUT_WITH_WEAK_PULLUP                ;        ;                       ;         ; Row I/O    ;                 ; no       ; On           ;
; F4       ; 2          ; 1A       ; RESERVED_INPUT_WITH_WEAK_PULLUP                ;        ;                       ;         ; Row I/O    ;                 ; no       ; On           ;
; F5       ; 0          ; 1A       ; RESERVED_INPUT_WITH_WEAK_PULLUP                ;        ;                       ;         ; Row I/O    ;                 ; no       ; On           ;
; F6       ;            ;          ; NC                                             ;        ;                       ;         ; --         ;                 ; --       ; --           ;
; F7       ; 490        ; 8        ; RESERVED_INPUT_WITH_WEAK_PULLUP                ;        ;                       ;         ; Column I/O ;                 ; no       ; On           ;
; F8       ; 494        ; 8        ; ~ALTERA_CONF_DONE~ / RESERVED_INPUT            ; input  ; 2.5 V Schmitt Trigger ;         ; Column I/O ; N               ; no       ; Off          ;
; F9       ;            ; 8        ; VCCIO8                                         ; power  ;                       ; 2.5V    ; --         ;                 ; --       ; --           ;
; F10      ;            ;          ; GND                                            ; gnd    ;                       ;         ; --         ;                 ; --       ; --           ;
; F11      ;            ; 8        ; VCCIO8                                         ; power  ;                       ; 2.5V    ; --         ;                 ; --       ; --           ;
; F12      ;            ; 7        ; VCCIO7                                         ; power  ;                       ; 2.5V    ; --         ;                 ; --       ; --           ;
; F13      ;            ;          ; GND                                            ; gnd    ;                       ;         ; --         ;                 ; --       ; --           ;
; F14      ;            ; 7        ; VCCIO7                                         ; power  ;                       ; 2.5V    ; --         ;                 ; --       ; --           ;
; F15      ; 398        ; 7        ; RESERVED_INPUT_WITH_WEAK_PULLUP                ;        ;                       ;         ; Column I/O ;                 ; no       ; On           ;
; F16      ; 396        ; 7        ; RESERVED_INPUT_WITH_WEAK_PULLUP                ;        ;                       ;         ; Column I/O ;                 ; no       ; On           ;
; F17      ; 364        ; 6        ; RESERVED_INPUT_WITH_WEAK_PULLUP                ;        ;                       ;         ; Row I/O    ;                 ; no       ; On           ;
; F18      ; 354        ; 6        ; RESERVED_INPUT_WITH_WEAK_PULLUP                ;        ;                       ;         ; Row I/O    ;                 ; no       ; On           ;
; F19      ; 353        ; 6        ; RESERVED_INPUT_WITH_WEAK_PULLUP                ;        ;                       ;         ; Row I/O    ;                 ; no       ; On           ;
; F20      ; 342        ; 6        ; RESERVED_INPUT_WITH_WEAK_PULLUP                ;        ;                       ;         ; Row I/O    ;                 ; no       ; On           ;
; F21      ; 340        ; 6        ; RESERVED_INPUT_WITH_WEAK_PULLUP                ;        ;                       ;         ; Row I/O    ;                 ; no       ; On           ;
; F22      ; 331        ; 6        ; RESERVED_INPUT_WITH_WEAK_PULLUP                ;        ;                       ;         ; Row I/O    ;                 ; no       ; On           ;
; G1       ; 45         ; 1B       ; RESERVED_INPUT_WITH_WEAK_PULLUP                ;        ;                       ;         ; Row I/O    ;                 ; no       ; On           ;
; G2       ; 34         ; 1B       ; ~ALTERA_TCK~ / RESERVED_INPUT                  ; input  ; 2.5 V Schmitt Trigger ;         ; Row I/O    ; N               ; no       ; Off          ;
; G3       ; 11         ; 1A       ; RESERVED_INPUT_WITH_WEAK_PULLUP                ;        ;                       ;         ; Row I/O    ;                 ; no       ; On           ;
; G4       ; 5          ; 1A       ; RESERVED_INPUT_WITH_WEAK_PULLUP                ;        ;                       ;         ; Row I/O    ;                 ; no       ; On           ;
; G5       ;            ;          ; ANAIN1                                         ;        ;                       ;         ; --         ;                 ; --       ; --           ;
; G6       ;            ;          ; GND                                            ; gnd    ;                       ;         ; --         ;                 ; --       ; --           ;
; G7       ;            ;          ; VCCD_PLL3                                      ; power  ;                       ; 1.2V    ; --         ;                 ; --       ; --           ;
; G8       ;            ;          ; GND                                            ; gnd    ;                       ;         ; --         ;                 ; --       ; --           ;
; G9       ; 492        ; 8        ; ~ALTERA_nSTATUS~ / RESERVED_INPUT              ; input  ; 2.5 V Schmitt Trigger ;         ; Column I/O ; N               ; no       ; Off          ;
; G10      ;            ; 8        ; VCCIO8                                         ; power  ;                       ; 2.5V    ; --         ;                 ; --       ; --           ;
; G11      ;            ; 8        ; VCCIO8                                         ; power  ;                       ; 2.5V    ; --         ;                 ; --       ; --           ;
; G12      ;            ; 7        ; VCCIO7                                         ; power  ;                       ; 2.5V    ; --         ;                 ; --       ; --           ;
; G13      ;            ; 7        ; VCCIO7                                         ; power  ;                       ; 2.5V    ; --         ;                 ; --       ; --           ;
; G14      ;            ; 7        ; VCCIO7                                         ; power  ;                       ; 2.5V    ; --         ;                 ; --       ; --           ;
; G15      ;            ;          ; GND                                            ; gnd    ;                       ;         ; --         ;                 ; --       ; --           ;
; G16      ;            ;          ; VCCD_PLL2                                      ; power  ;                       ; 1.2V    ; --         ;                 ; --       ; --           ;
; G17      ; 386        ; 6        ; RESERVED_INPUT_WITH_WEAK_PULLUP                ;        ;                       ;         ; Row I/O    ;                 ; no       ; On           ;
; G18      ;            ;          ; GND                                            ; gnd    ;                       ;         ; --         ;                 ; --       ; --           ;
; G19      ; 330        ; 6        ; RESERVED_INPUT_WITH_WEAK_PULLUP                ;        ;                       ;         ; Row I/O    ;                 ; no       ; On           ;
; G20      ; 328        ; 6        ; RESERVED_INPUT_WITH_WEAK_PULLUP                ;        ;                       ;         ; Row I/O    ;                 ; no       ; On           ;
; G21      ;            ;          ; GND                                            ; gnd    ;                       ;         ; --         ;                 ; --       ; --           ;
; G22      ; 329        ; 6        ; RESERVED_INPUT_WITH_WEAK_PULLUP                ;        ;                       ;         ; Row I/O    ;                 ; no       ; On           ;
; H1       ; 44         ; 1B       ; RESERVED_INPUT_WITH_WEAK_PULLUP                ;        ;                       ;         ; Row I/O    ;                 ; no       ; On           ;
; H2       ; 32         ; 1B       ; ~ALTERA_TMS~ / RESERVED_INPUT_WITH_WEAK_PULLUP ; input  ; 2.5 V Schmitt Trigger ;         ; Row I/O    ; N               ; no       ; On           ;
; H3       ; 10         ; 1A       ; RESERVED_INPUT_WITH_WEAK_PULLUP                ;        ;                       ;         ; Row I/O    ;                 ; no       ; On           ;
; H4       ; 9          ; 1A       ; RESERVED_INPUT_WITH_WEAK_PULLUP                ;        ;                       ;         ; Row I/O    ;                 ; no       ; On           ;
; H5       ;            ;          ; REFGND                                         ;        ;                       ;         ; --         ;                 ; --       ; --           ;
; H6       ;            ;          ; ADC_VREF                                       ;        ;                       ;         ; --         ;                 ; --       ; --           ;
; H7       ;            ; --       ; VCCA_ADC                                       ; power  ;                       ; 2.5V    ; --         ;                 ; --       ; --           ;
; H8       ;            ; --       ; VCCA3                                          ; power  ;                       ; 2.5V    ; --         ;                 ; --       ; --           ;
; H9       ; 482        ; 8        ; ~ALTERA_nCONFIG~ / RESERVED_INPUT              ; input  ; 2.5 V Schmitt Trigger ;         ; Column I/O ; N               ; no       ; Off          ;
; H10      ; 480        ; 8        ; ~ALTERA_CONFIG_SEL~ / RESERVED_INPUT           ; input  ; 2.5 V                 ;         ; Column I/O ; N               ; no       ; Off          ;
; H11      ; 470        ; 8        ; g0                                             ; output ; 2.5 V                 ;         ; Column I/O ; N               ; no       ; Off          ;
; H12      ; 444        ; 7        ; R1                                             ; output ; 2.5 V                 ;         ; Column I/O ; N               ; no       ; Off          ;
; H13      ; 432        ; 7        ; E0                                             ; input  ; 2.5 V                 ;         ; Column I/O ; N               ; no       ; Off          ;
; H14      ; 420        ; 7        ; RESERVED_INPUT_WITH_WEAK_PULLUP                ;        ;                       ;         ; Column I/O ;                 ; no       ; On           ;
; H15      ;            ; --       ; VCCA2                                          ; power  ;                       ; 2.5V    ; --         ;                 ; --       ; --           ;
; H16      ;            ; 6        ; VCCIO6                                         ; power  ;                       ; 2.5V    ; --         ;                 ; --       ; --           ;
; H17      ; 384        ; 6        ; RESERVED_INPUT_WITH_WEAK_PULLUP                ;        ;                       ;         ; Row I/O    ;                 ; no       ; On           ;
; H18      ; 374        ; 6        ; RESERVED_INPUT_WITH_WEAK_PULLUP                ;        ;                       ;         ; Row I/O    ;                 ; no       ; On           ;
; H19      ; 372        ; 6        ; RESERVED_INPUT_WITH_WEAK_PULLUP                ;        ;                       ;         ; Row I/O    ;                 ; no       ; On           ;
; H20      ; 375        ; 6        ; RESERVED_INPUT_WITH_WEAK_PULLUP                ;        ;                       ;         ; Row I/O    ;                 ; no       ; On           ;
; H21      ; 323        ; 6        ; RESERVED_INPUT_WITH_WEAK_PULLUP                ;        ;                       ;         ; Row I/O    ;                 ; no       ; On           ;
; H22      ; 321        ; 6        ; RESERVED_INPUT_WITH_WEAK_PULLUP                ;        ;                       ;         ; Row I/O    ;                 ; no       ; On           ;
; J1       ; 46         ; 1B       ; RESERVED_INPUT_WITH_WEAK_PULLUP                ;        ;                       ;         ; Row I/O    ;                 ; no       ; On           ;
; J2       ;            ;          ; GND                                            ; gnd    ;                       ;         ; --         ;                 ; --       ; --           ;
; J3       ; 15         ; 1A       ; RESERVED_INPUT_WITH_WEAK_PULLUP                ;        ;                       ;         ; Row I/O    ;                 ; no       ; On           ;
; J4       ; 8          ; 1A       ; RESERVED_INPUT_WITH_WEAK_PULLUP                ;        ;                       ;         ; Row I/O    ;                 ; no       ; On           ;
; J5       ;            ;          ; ANAIN2                                         ;        ;                       ;         ; --         ;                 ; --       ; --           ;
; J6       ;            ;          ; GND                                            ; gnd    ;                       ;         ; --         ;                 ; --       ; --           ;
; J7       ;            ;          ; VCCINT                                         ; power  ;                       ; 1.2V    ; --         ;                 ; --       ; --           ;
; J8       ; 4          ; 1A       ; RESERVED_INPUT_WITH_WEAK_PULLUP                ;        ;                       ;         ; Row I/O    ;                 ; no       ; On           ;
; J9       ; 6          ; 1A       ; RESERVED_INPUT_WITH_WEAK_PULLUP                ;        ;                       ;         ; Row I/O    ;                 ; no       ; On           ;
; J10      ; 468        ; 8        ; RESERVED_INPUT_WITH_WEAK_PULLUP                ;        ;                       ;         ; Column I/O ;                 ; no       ; On           ;
; J11      ; 446        ; 7        ; R0                                             ; output ; 2.5 V                 ;         ; Column I/O ; N               ; no       ; Off          ;
; J12      ; 434        ; 7        ; A2                                             ; input  ; 2.5 V                 ;         ; Column I/O ; N               ; no       ; Off          ;
; J13      ; 422        ; 7        ; RESERVED_INPUT_WITH_WEAK_PULLUP                ;        ;                       ;         ; Column I/O ;                 ; no       ; On           ;
; J14      ; 368        ; 6        ; RESERVED_INPUT_WITH_WEAK_PULLUP                ;        ;                       ;         ; Row I/O    ;                 ; no       ; On           ;
; J15      ; 370        ; 6        ; RESERVED_INPUT_WITH_WEAK_PULLUP                ;        ;                       ;         ; Row I/O    ;                 ; no       ; On           ;
; J16      ;            ;          ; GND                                            ; gnd    ;                       ;         ; --         ;                 ; --       ; --           ;
; J17      ;            ; 6        ; VCCIO6                                         ; power  ;                       ; 2.5V    ; --         ;                 ; --       ; --           ;
; J18      ; 362        ; 6        ; RESERVED_INPUT_WITH_WEAK_PULLUP                ;        ;                       ;         ; Row I/O    ;                 ; no       ; On           ;
; J19      ;            ;          ; GND                                            ; gnd    ;                       ;         ; --         ;                 ; --       ; --           ;
; J20      ; 373        ; 6        ; RESERVED_INPUT_WITH_WEAK_PULLUP                ;        ;                       ;         ; Row I/O    ;                 ; no       ; On           ;
; J21      ; 327        ; 6        ; RESERVED_INPUT_WITH_WEAK_PULLUP                ;        ;                       ;         ; Row I/O    ;                 ; no       ; On           ;
; J22      ; 325        ; 6        ; RESERVED_INPUT_WITH_WEAK_PULLUP                ;        ;                       ;         ; Row I/O    ;                 ; no       ; On           ;
; K1       ; 49         ; 1B       ; RESERVED_INPUT_WITH_WEAK_PULLUP                ;        ;                       ;         ; Row I/O    ;                 ; no       ; On           ;
; K2       ; 37         ; 1B       ; RESERVED_INPUT_WITH_WEAK_PULLUP                ;        ;                       ;         ; Row I/O    ;                 ; no       ; On           ;
; K3       ;            ;          ; GND                                            ; gnd    ;                       ;         ; --         ;                 ; --       ; --           ;
; K4       ; 13         ; 1A       ; RESERVED_INPUT_WITH_WEAK_PULLUP                ;        ;                       ;         ; Row I/O    ;                 ; no       ; On           ;
; K5       ; 12         ; 1A       ; RESERVED_INPUT_WITH_WEAK_PULLUP                ;        ;                       ;         ; Row I/O    ;                 ; no       ; On           ;
; K6       ; 14         ; 1A       ; RESERVED_INPUT_WITH_WEAK_PULLUP                ;        ;                       ;         ; Row I/O    ;                 ; no       ; On           ;
; K7       ;            ; 1A       ; VCCIO1A                                        ; power  ;                       ; 2.5V    ; --         ;                 ; --       ; --           ;
; K8       ; 28         ; 1B       ; RESERVED_INPUT_WITH_WEAK_PULLUP                ;        ;                       ;         ; Row I/O    ;                 ; no       ; On           ;
; K9       ; 30         ; 1B       ; RESERVED_INPUT_WITH_WEAK_PULLUP                ;        ;                       ;         ; Row I/O    ;                 ; no       ; On           ;
; K10      ;            ;          ; GND                                            ; gnd    ;                       ;         ; --         ;                 ; --       ; --           ;
; K11      ;            ; --       ; VCC                                            ; power  ;                       ; 1.2V    ; --         ;                 ; --       ; --           ;
; K12      ;            ;          ; GND                                            ; gnd    ;                       ;         ; --         ;                 ; --       ; --           ;
; K13      ;            ; --       ; VCC                                            ; power  ;                       ; 1.2V    ; --         ;                 ; --       ; --           ;
; K14      ; 356        ; 6        ; RESERVED_INPUT_WITH_WEAK_PULLUP                ;        ;                       ;         ; Row I/O    ;                 ; no       ; On           ;
; K15      ; 358        ; 6        ; RESERVED_INPUT_WITH_WEAK_PULLUP                ;        ;                       ;         ; Row I/O    ;                 ; no       ; On           ;
; K16      ;            ; 6        ; VCCIO6                                         ; power  ;                       ; 2.5V    ; --         ;                 ; --       ; --           ;
; K17      ;            ; 6        ; VCCIO6                                         ; power  ;                       ; 2.5V    ; --         ;                 ; --       ; --           ;
; K18      ; 360        ; 6        ; RESERVED_INPUT_WITH_WEAK_PULLUP                ;        ;                       ;         ; Row I/O    ;                 ; no       ; On           ;
; K19      ; 361        ; 6        ; RESERVED_INPUT_WITH_WEAK_PULLUP                ;        ;                       ;         ; Row I/O    ;                 ; no       ; On           ;
; K20      ; 363        ; 6        ; RESERVED_INPUT_WITH_WEAK_PULLUP                ;        ;                       ;         ; Row I/O    ;                 ; no       ; On           ;
; K21      ; 326        ; 6        ; RESERVED_INPUT_WITH_WEAK_PULLUP                ;        ;                       ;         ; Row I/O    ;                 ; no       ; On           ;
; K22      ; 324        ; 6        ; RESERVED_INPUT_WITH_WEAK_PULLUP                ;        ;                       ;         ; Row I/O    ;                 ; no       ; On           ;
; L1       ; 51         ; 1B       ; RESERVED_INPUT_WITH_WEAK_PULLUP                ;        ;                       ;         ; Row I/O    ;                 ; no       ; On           ;
; L2       ; 39         ; 1B       ; RESERVED_INPUT_WITH_WEAK_PULLUP                ;        ;                       ;         ; Row I/O    ;                 ; no       ; On           ;
; L3       ;            ;          ; DNU                                            ;        ;                       ;         ; --         ;                 ; --       ; --           ;
; L4       ; 36         ; 1B       ; ~ALTERA_TDI~ / RESERVED_INPUT_WITH_WEAK_PULLUP ; input  ; 2.5 V Schmitt Trigger ;         ; Row I/O    ; N               ; no       ; On           ;
; L5       ;            ;          ; GND                                            ; gnd    ;                       ;         ; --         ;                 ; --       ; --           ;
; L6       ;            ; 1A       ; VCCIO1A                                        ; power  ;                       ; 2.5V    ; --         ;                 ; --       ; --           ;
; L7       ;            ; 1B       ; VCCIO1B                                        ; power  ;                       ; 2.5V    ; --         ;                 ; --       ; --           ;
; L8       ; 40         ; 1B       ; RESERVED_INPUT_WITH_WEAK_PULLUP                ;        ;                       ;         ; Row I/O    ;                 ; no       ; On           ;
; L9       ; 42         ; 1B       ; RESERVED_INPUT_WITH_WEAK_PULLUP                ;        ;                       ;         ; Row I/O    ;                 ; no       ; On           ;
; L10      ;            ; --       ; VCC                                            ; power  ;                       ; 1.2V    ; --         ;                 ; --       ; --           ;
; L11      ;            ; --       ; VCC                                            ; power  ;                       ; 1.2V    ; --         ;                 ; --       ; --           ;
; L12      ;            ; --       ; VCC                                            ; power  ;                       ; 1.2V    ; --         ;                 ; --       ; --           ;
; L13      ;            ;          ; GND                                            ; gnd    ;                       ;         ; --         ;                 ; --       ; --           ;
; L14      ; 344        ; 6        ; RESERVED_INPUT_WITH_WEAK_PULLUP                ;        ;                       ;         ; Row I/O    ;                 ; no       ; On           ;
; L15      ; 346        ; 6        ; RESERVED_INPUT_WITH_WEAK_PULLUP                ;        ;                       ;         ; Row I/O    ;                 ; no       ; On           ;
; L16      ;            ; 6        ; VCCIO6                                         ; power  ;                       ; 2.5V    ; --         ;                 ; --       ; --           ;
; L17      ;            ;          ; GND                                            ; gnd    ;                       ;         ; --         ;                 ; --       ; --           ;
; L18      ; 350        ; 6        ; RESERVED_INPUT_WITH_WEAK_PULLUP                ;        ;                       ;         ; Row I/O    ;                 ; no       ; On           ;
; L19      ; 349        ; 6        ; RESERVED_INPUT_WITH_WEAK_PULLUP                ;        ;                       ;         ; Row I/O    ;                 ; no       ; On           ;
; L20      ; 351        ; 6        ; RESERVED_INPUT_WITH_WEAK_PULLUP                ;        ;                       ;         ; Row I/O    ;                 ; no       ; On           ;
; L21      ;            ;          ; GND                                            ; gnd    ;                       ;         ; --         ;                 ; --       ; --           ;
; L22      ; 314        ; 5        ; RESERVED_INPUT_WITH_WEAK_PULLUP                ;        ;                       ;         ; Row I/O    ;                 ; no       ; On           ;
; M1       ; 79         ; 2        ; RESERVED_INPUT_WITH_WEAK_PULLUP                ;        ;                       ;         ; Row I/O    ;                 ; no       ; On           ;
; M2       ; 77         ; 2        ; RESERVED_INPUT_WITH_WEAK_PULLUP                ;        ;                       ;         ; Row I/O    ;                 ; --       ; --           ;
; M3       ; 50         ; 1B       ; RESERVED_INPUT_WITH_WEAK_PULLUP                ;        ;                       ;         ; Row I/O    ;                 ; no       ; On           ;
; M4       ; 48         ; 1B       ; RESERVED_INPUT_WITH_WEAK_PULLUP                ;        ;                       ;         ; Row I/O    ;                 ; no       ; On           ;
; M5       ; 38         ; 1B       ; ~ALTERA_TDO~                                   ; output ; 2.5 V                 ;         ; Row I/O    ; N               ; no       ; Off          ;
; M6       ;            ; 1B       ; VCCIO1B                                        ; power  ;                       ; 2.5V    ; --         ;                 ; --       ; --           ;
; M7       ;            ;          ; GND                                            ; gnd    ;                       ;         ; --         ;                 ; --       ; --           ;
; M8       ; 72         ; 2        ; RESERVED_INPUT_WITH_WEAK_PULLUP                ;        ;                       ;         ; Row I/O    ;                 ; no       ; On           ;
; M9       ; 74         ; 2        ; RESERVED_INPUT_WITH_WEAK_PULLUP                ;        ;                       ;         ; Row I/O    ;                 ; no       ; On           ;
; M10      ;            ;          ; GND                                            ; gnd    ;                       ;         ; --         ;                 ; --       ; --           ;
; M11      ;            ; --       ; VCC                                            ; power  ;                       ; 1.2V    ; --         ;                 ; --       ; --           ;
; M12      ;            ; --       ; VCC                                            ; power  ;                       ; 1.2V    ; --         ;                 ; --       ; --           ;
; M13      ;            ; --       ; VCC                                            ; power  ;                       ; 1.2V    ; --         ;                 ; --       ; --           ;
; M14      ; 334        ; 6        ; RESERVED_INPUT_WITH_WEAK_PULLUP                ;        ;                       ;         ; Row I/O    ;                 ; no       ; On           ;
; M15      ; 332        ; 6        ; RESERVED_INPUT_WITH_WEAK_PULLUP                ;        ;                       ;         ; Row I/O    ;                 ; no       ; On           ;
; M16      ;            ;          ; GND                                            ; gnd    ;                       ;         ; --         ;                 ; --       ; --           ;
; M17      ;            ; 6        ; VCCIO6                                         ; power  ;                       ; 2.5V    ; --         ;                 ; --       ; --           ;
; M18      ; 348        ; 6        ; RESERVED_INPUT_WITH_WEAK_PULLUP                ;        ;                       ;         ; Row I/O    ;                 ; no       ; On           ;
; M19      ;            ;          ; GND                                            ; gnd    ;                       ;         ; --         ;                 ; --       ; --           ;
; M20      ; 337        ; 6        ; RESERVED_INPUT_WITH_WEAK_PULLUP                ;        ;                       ;         ; Row I/O    ;                 ; no       ; On           ;
; M21      ; 312        ; 5        ; RESERVED_INPUT_WITH_WEAK_PULLUP                ;        ;                       ;         ; Row I/O    ;                 ; no       ; On           ;
; M22      ; 315        ; 5        ; RESERVED_INPUT_WITH_WEAK_PULLUP                ;        ;                       ;         ; Row I/O    ;                 ; no       ; On           ;
; N1       ; 87         ; 2        ; RESERVED_INPUT_WITH_WEAK_PULLUP                ;        ;                       ;         ; Row I/O    ;                 ; no       ; On           ;
; N2       ; 75         ; 2        ; RESERVED_INPUT_WITH_WEAK_PULLUP                ;        ;                       ;         ; Row I/O    ;                 ; no       ; On           ;
; N3       ; 73         ; 2        ; RESERVED_INPUT_WITH_WEAK_PULLUP                ;        ;                       ;         ; Row I/O    ;                 ; no       ; On           ;
; N4       ; 56         ; 2        ; RESERVED_INPUT_WITH_WEAK_PULLUP                ;        ;                       ;         ; Row I/O    ;                 ; no       ; On           ;
; N5       ; 58         ; 2        ; RESERVED_INPUT_WITH_WEAK_PULLUP                ;        ;                       ;         ; Row I/O    ;                 ; no       ; On           ;
; N6       ;            ; 2        ; VCCIO2                                         ; power  ;                       ; 2.5V    ; --         ;                 ; --       ; --           ;
; N7       ;            ; 2        ; VCCIO2                                         ; power  ;                       ; 2.5V    ; --         ;                 ; --       ; --           ;
; N8       ; 84         ; 2        ; RESERVED_INPUT_WITH_WEAK_PULLUP                ;        ;                       ;         ; Row I/O    ;                 ; no       ; On           ;
; N9       ; 86         ; 2        ; RESERVED_INPUT_WITH_WEAK_PULLUP                ;        ;                       ;         ; Row I/O    ;                 ; no       ; On           ;
; N10      ;            ; --       ; VCC                                            ; power  ;                       ; 1.2V    ; --         ;                 ; --       ; --           ;
; N11      ;            ;          ; GND                                            ; gnd    ;                       ;         ; --         ;                 ; --       ; --           ;
; N12      ;            ; --       ; VCC                                            ; power  ;                       ; 1.2V    ; --         ;                 ; --       ; --           ;
; N13      ;            ;          ; GND                                            ; gnd    ;                       ;         ; --         ;                 ; --       ; --           ;
; N14      ; 320        ; 6        ; RESERVED_INPUT_WITH_WEAK_PULLUP                ;        ;                       ;         ; Row I/O    ;                 ; no       ; On           ;
; N15      ; 322        ; 6        ; RESERVED_INPUT_WITH_WEAK_PULLUP                ;        ;                       ;         ; Row I/O    ;                 ; no       ; On           ;
; N16      ;            ; 5        ; VCCIO5                                         ; power  ;                       ; 2.5V    ; --         ;                 ; --       ; --           ;
; N17      ;            ; 6        ; VCCIO6                                         ; power  ;                       ; 2.5V    ; --         ;                 ; --       ; --           ;
; N18      ; 336        ; 6        ; RESERVED_INPUT_WITH_WEAK_PULLUP                ;        ;                       ;         ; Row I/O    ;                 ; no       ; On           ;
; N19      ; 338        ; 6        ; RESERVED_INPUT_WITH_WEAK_PULLUP                ;        ;                       ;         ; Row I/O    ;                 ; no       ; On           ;
; N20      ; 339        ; 6        ; RESERVED_INPUT_WITH_WEAK_PULLUP                ;        ;                       ;         ; Row I/O    ;                 ; no       ; On           ;
; N21      ; 313        ; 5        ; RESERVED_INPUT_WITH_WEAK_PULLUP                ;        ;                       ;         ; Row I/O    ;                 ; no       ; On           ;
; N22      ; 307        ; 5        ; RESERVED_INPUT_WITH_WEAK_PULLUP                ;        ;                       ;         ; Row I/O    ;                 ; no       ; On           ;
; P1       ; 85         ; 2        ; RESERVED_INPUT_WITH_WEAK_PULLUP                ;        ;                       ;         ; Row I/O    ;                 ; no       ; On           ;
; P2       ;            ;          ; GND                                            ; gnd    ;                       ;         ; --         ;                 ; --       ; --           ;
; P3       ; 76         ; 2        ; RESERVED_INPUT_WITH_WEAK_PULLUP                ;        ;                       ;         ; Row I/O    ;                 ; no       ; On           ;
; P4       ; 57         ; 2        ; RESERVED_INPUT_WITH_WEAK_PULLUP                ;        ;                       ;         ; Row I/O    ;                 ; no       ; On           ;
; P5       ; 59         ; 2        ; RESERVED_INPUT_WITH_WEAK_PULLUP                ;        ;                       ;         ; Row I/O    ;                 ; no       ; On           ;
; P6       ;            ;          ; GND                                            ; gnd    ;                       ;         ; --         ;                 ; --       ; --           ;
; P7       ;            ; 2        ; VCCIO2                                         ; power  ;                       ; 2.5V    ; --         ;                 ; --       ; --           ;
; P8       ; 96         ; 2        ; RESERVED_INPUT_WITH_WEAK_PULLUP                ;        ;                       ;         ; Row I/O    ;                 ; no       ; On           ;
; P9       ; 142        ; 3        ; RESERVED_INPUT_WITH_WEAK_PULLUP                ;        ;                       ;         ; Column I/O ;                 ; no       ; On           ;
; P10      ; 154        ; 3        ; RESERVED_INPUT_WITH_WEAK_PULLUP                ;        ;                       ;         ; Column I/O ;                 ; no       ; On           ;
; P11      ; 166        ; 3        ; RESERVED_INPUT_WITH_WEAK_PULLUP                ;        ;                       ;         ; Column I/O ;                 ; no       ; On           ;
; P12      ; 178        ; 4        ; RESERVED_INPUT_WITH_WEAK_PULLUP                ;        ;                       ;         ; Column I/O ;                 ; no       ; On           ;
; P13      ; 198        ; 4        ; RESERVED_INPUT_WITH_WEAK_PULLUP                ;        ;                       ;         ; Column I/O ;                 ; no       ; On           ;
; P14      ; 306        ; 5        ; RESERVED_INPUT_WITH_WEAK_PULLUP                ;        ;                       ;         ; Row I/O    ;                 ; no       ; On           ;
; P15      ; 304        ; 5        ; RESERVED_INPUT_WITH_WEAK_PULLUP                ;        ;                       ;         ; Row I/O    ;                 ; no       ; On           ;
; P16      ;            ; 5        ; VCCIO5                                         ; power  ;                       ; 2.5V    ; --         ;                 ; --       ; --           ;
; P17      ;            ;          ; GND                                            ; gnd    ;                       ;         ; --         ;                 ; --       ; --           ;
; P18      ; 310        ; 5        ; RESERVED_INPUT_WITH_WEAK_PULLUP                ;        ;                       ;         ; Row I/O    ;                 ; no       ; On           ;
; P19      ; 309        ; 5        ; RESERVED_INPUT_WITH_WEAK_PULLUP                ;        ;                       ;         ; Row I/O    ;                 ; no       ; On           ;
; P20      ; 311        ; 5        ; RESERVED_INPUT_WITH_WEAK_PULLUP                ;        ;                       ;         ; Row I/O    ;                 ; no       ; On           ;
; P21      ; 305        ; 5        ; RESERVED_INPUT_WITH_WEAK_PULLUP                ;        ;                       ;         ; Row I/O    ;                 ; no       ; On           ;
; P22      ; 303        ; 5        ; RESERVED_INPUT_WITH_WEAK_PULLUP                ;        ;                       ;         ; Row I/O    ;                 ; --       ; --           ;
; R1       ; 121        ; 2        ; RESERVED_INPUT_WITH_WEAK_PULLUP                ;        ;                       ;         ; Row I/O    ;                 ; no       ; On           ;
; R2       ; 123        ; 2        ; RESERVED_INPUT_WITH_WEAK_PULLUP                ;        ;                       ;         ; Row I/O    ;                 ; no       ; On           ;
; R3       ; 78         ; 2        ; RESERVED_INPUT_WITH_WEAK_PULLUP                ;        ;                       ;         ; Row I/O    ;                 ; no       ; On           ;
; R4       ; 80         ; 2        ; RESERVED_INPUT_WITH_WEAK_PULLUP                ;        ;                       ;         ; Row I/O    ;                 ; no       ; On           ;
; R5       ; 82         ; 2        ; RESERVED_INPUT_WITH_WEAK_PULLUP                ;        ;                       ;         ; Row I/O    ;                 ; no       ; On           ;
; R6       ;            ; 2        ; VCCIO2                                         ; power  ;                       ; 2.5V    ; --         ;                 ; --       ; --           ;
; R7       ; 98         ; 2        ; RESERVED_INPUT_WITH_WEAK_PULLUP                ;        ;                       ;         ; Row I/O    ;                 ; no       ; On           ;
; R8       ;            ; --       ; VCCA1                                          ; power  ;                       ; 2.5V    ; --         ;                 ; --       ; --           ;
; R9       ; 140        ; 3        ; RESERVED_INPUT_WITH_WEAK_PULLUP                ;        ;                       ;         ; Column I/O ;                 ; no       ; On           ;
; R10      ; 152        ; 3        ; RESERVED_INPUT_WITH_WEAK_PULLUP                ;        ;                       ;         ; Column I/O ;                 ; no       ; On           ;
; R11      ; 164        ; 3        ; RESERVED_INPUT_WITH_WEAK_PULLUP                ;        ;                       ;         ; Column I/O ;                 ; no       ; On           ;
; R12      ; 176        ; 4        ; RESERVED_INPUT_WITH_WEAK_PULLUP                ;        ;                       ;         ; Column I/O ;                 ; no       ; On           ;
; R13      ; 196        ; 4        ; RESERVED_INPUT_WITH_WEAK_PULLUP                ;        ;                       ;         ; Column I/O ;                 ; no       ; On           ;
; R14      ; 294        ; 5        ; RESERVED_INPUT_WITH_WEAK_PULLUP                ;        ;                       ;         ; Row I/O    ;                 ; no       ; On           ;
; R15      ; 292        ; 5        ; RESERVED_INPUT_WITH_WEAK_PULLUP                ;        ;                       ;         ; Row I/O    ;                 ; no       ; On           ;
; R16      ;            ; 5        ; VCCIO5                                         ; power  ;                       ; 2.5V    ; --         ;                 ; --       ; --           ;
; R17      ;            ; 5        ; VCCIO5                                         ; power  ;                       ; 2.5V    ; --         ;                 ; --       ; --           ;
; R18      ; 308        ; 5        ; RESERVED_INPUT_WITH_WEAK_PULLUP                ;        ;                       ;         ; Row I/O    ;                 ; no       ; On           ;
; R19      ;            ;          ; GND                                            ; gnd    ;                       ;         ; --         ;                 ; --       ; --           ;
; R20      ; 299        ; 5        ; RESERVED_INPUT_WITH_WEAK_PULLUP                ;        ;                       ;         ; Row I/O    ;                 ; no       ; On           ;
; R21      ;            ;          ; GND                                            ; gnd    ;                       ;         ; --         ;                 ; --       ; --           ;
; R22      ; 301        ; 5        ; RESERVED_INPUT_WITH_WEAK_PULLUP                ;        ;                       ;         ; Row I/O    ;                 ; no       ; On           ;
; T1       ; 81         ; 2        ; RESERVED_INPUT_WITH_WEAK_PULLUP                ;        ;                       ;         ; Row I/O    ;                 ; no       ; On           ;
; T2       ; 83         ; 2        ; RESERVED_INPUT_WITH_WEAK_PULLUP                ;        ;                       ;         ; Row I/O    ;                 ; no       ; On           ;
; T3       ; 88         ; 2        ; RESERVED_INPUT_WITH_WEAK_PULLUP                ;        ;                       ;         ; Row I/O    ;                 ; no       ; On           ;
; T4       ;            ;          ; GND                                            ; gnd    ;                       ;         ; --         ;                 ; --       ; --           ;
; T5       ; 120        ; 2        ; RESERVED_INPUT_WITH_WEAK_PULLUP                ;        ;                       ;         ; Row I/O    ;                 ; no       ; On           ;
; T6       ; 122        ; 2        ; RESERVED_INPUT_WITH_WEAK_PULLUP                ;        ;                       ;         ; Row I/O    ;                 ; no       ; On           ;
; T7       ;            ;          ; VCCD_PLL1                                      ; power  ;                       ; 1.2V    ; --         ;                 ; --       ; --           ;
; T8       ;            ;          ; GND                                            ; gnd    ;                       ;         ; --         ;                 ; --       ; --           ;
; T9       ;            ; 3        ; VCCIO3                                         ; power  ;                       ; 2.5V    ; --         ;                 ; --       ; --           ;
; T10      ;            ; 3        ; VCCIO3                                         ; power  ;                       ; 2.5V    ; --         ;                 ; --       ; --           ;
; T11      ;            ; 3        ; VCCIO3                                         ; power  ;                       ; 2.5V    ; --         ;                 ; --       ; --           ;
; T12      ;            ; 4        ; VCCIO4                                         ; power  ;                       ; 2.5V    ; --         ;                 ; --       ; --           ;
; T13      ;            ; 4        ; VCCIO4                                         ; power  ;                       ; 2.5V    ; --         ;                 ; --       ; --           ;
; T14      ;            ;          ; GND                                            ; gnd    ;                       ;         ; --         ;                 ; --       ; --           ;
; T15      ;            ; --       ; VCCA4                                          ; power  ;                       ; 2.5V    ; --         ;                 ; --       ; --           ;
; T16      ;            ;          ; GND                                            ; gnd    ;                       ;         ; --         ;                 ; --       ; --           ;
; T17      ;            ; 5        ; VCCIO5                                         ; power  ;                       ; 2.5V    ; --         ;                 ; --       ; --           ;
; T18      ; 298        ; 5        ; RESERVED_INPUT_WITH_WEAK_PULLUP                ;        ;                       ;         ; Row I/O    ;                 ; no       ; On           ;
; T19      ; 296        ; 5        ; RESERVED_INPUT_WITH_WEAK_PULLUP                ;        ;                       ;         ; Row I/O    ;                 ; no       ; On           ;
; T20      ; 297        ; 5        ; RESERVED_INPUT_WITH_WEAK_PULLUP                ;        ;                       ;         ; Row I/O    ;                 ; no       ; On           ;
; T21      ; 293        ; 5        ; RESERVED_INPUT_WITH_WEAK_PULLUP                ;        ;                       ;         ; Row I/O    ;                 ; no       ; On           ;
; T22      ; 295        ; 5        ; RESERVED_INPUT_WITH_WEAK_PULLUP                ;        ;                       ;         ; Row I/O    ;                 ; no       ; On           ;
; U1       ; 89         ; 2        ; RESERVED_INPUT_WITH_WEAK_PULLUP                ;        ;                       ;         ; Row I/O    ;                 ; no       ; On           ;
; U2       ; 90         ; 2        ; RESERVED_INPUT_WITH_WEAK_PULLUP                ;        ;                       ;         ; Row I/O    ;                 ; no       ; On           ;
; U3       ; 93         ; 2        ; RESERVED_INPUT_WITH_WEAK_PULLUP                ;        ;                       ;         ; Row I/O    ;                 ; no       ; On           ;
; U4       ; 92         ; 2        ; RESERVED_INPUT_WITH_WEAK_PULLUP                ;        ;                       ;         ; Row I/O    ;                 ; no       ; On           ;
; U5       ; 94         ; 2        ; RESERVED_INPUT_WITH_WEAK_PULLUP                ;        ;                       ;         ; Row I/O    ;                 ; no       ; On           ;
; U6       ; 128        ; 3        ; RESERVED_INPUT_WITH_WEAK_PULLUP                ;        ;                       ;         ; Column I/O ;                 ; no       ; On           ;
; U7       ; 130        ; 3        ; RESERVED_INPUT_WITH_WEAK_PULLUP                ;        ;                       ;         ; Column I/O ;                 ; no       ; On           ;
; U8       ;            ; 3        ; VCCIO3                                         ; power  ;                       ; 2.5V    ; --         ;                 ; --       ; --           ;
; U9       ;            ; 3        ; VCCIO3                                         ; power  ;                       ; 2.5V    ; --         ;                 ; --       ; --           ;
; U10      ;            ;          ; GND                                            ; gnd    ;                       ;         ; --         ;                 ; --       ; --           ;
; U11      ;            ; 4        ; VCCIO4                                         ; power  ;                       ; 2.5V    ; --         ;                 ; --       ; --           ;
; U12      ;            ; 4        ; VCCIO4                                         ; power  ;                       ; 2.5V    ; --         ;                 ; --       ; --           ;
; U13      ;            ;          ; GND                                            ; gnd    ;                       ;         ; --         ;                 ; --       ; --           ;
; U14      ;            ; 4        ; VCCIO4                                         ; power  ;                       ; 2.5V    ; --         ;                 ; --       ; --           ;
; U15      ; 208        ; 4        ; RESERVED_INPUT_WITH_WEAK_PULLUP                ;        ;                       ;         ; Column I/O ;                 ; no       ; On           ;
; U16      ;            ;          ; VCCD_PLL4                                      ; power  ;                       ; 1.2V    ; --         ;                 ; --       ; --           ;
; U17      ; 246        ; 5        ; RESERVED_INPUT_WITH_WEAK_PULLUP                ;        ;                       ;         ; Row I/O    ;                 ; no       ; On           ;
; U18      ; 244        ; 5        ; RESERVED_INPUT_WITH_WEAK_PULLUP                ;        ;                       ;         ; Row I/O    ;                 ; no       ; On           ;
; U19      ; 282        ; 5        ; RESERVED_INPUT_WITH_WEAK_PULLUP                ;        ;                       ;         ; Row I/O    ;                 ; no       ; On           ;
; U20      ; 290        ; 5        ; RESERVED_INPUT_WITH_WEAK_PULLUP                ;        ;                       ;         ; Row I/O    ;                 ; no       ; On           ;
; U21      ; 300        ; 5        ; RESERVED_INPUT_WITH_WEAK_PULLUP                ;        ;                       ;         ; Row I/O    ;                 ; no       ; On           ;
; U22      ; 302        ; 5        ; RESERVED_INPUT_WITH_WEAK_PULLUP                ;        ;                       ;         ; Row I/O    ;                 ; no       ; On           ;
; V1       ; 91         ; 2        ; RESERVED_INPUT_WITH_WEAK_PULLUP                ;        ;                       ;         ; Row I/O    ;                 ; no       ; On           ;
; V2       ;            ;          ; GND                                            ; gnd    ;                       ;         ; --         ;                 ; --       ; --           ;
; V3       ; 95         ; 2        ; RESERVED_INPUT_WITH_WEAK_PULLUP                ;        ;                       ;         ; Row I/O    ;                 ; no       ; On           ;
; V4       ; 125        ; 3        ; RESERVED_INPUT_WITH_WEAK_PULLUP                ;        ;                       ;         ; Column I/O ;                 ; no       ; On           ;
; V5       ; 127        ; 3        ; RESERVED_INPUT_WITH_WEAK_PULLUP                ;        ;                       ;         ; Column I/O ;                 ; no       ; On           ;
; V6       ;            ;          ; GND                                            ; gnd    ;                       ;         ; --         ;                 ; --       ; --           ;
; V7       ; 136        ; 3        ; RESERVED_INPUT_WITH_WEAK_PULLUP                ;        ;                       ;         ; Column I/O ;                 ; no       ; On           ;
; V8       ; 138        ; 3        ; RESERVED_INPUT_WITH_WEAK_PULLUP                ;        ;                       ;         ; Column I/O ;                 ; no       ; On           ;
; V9       ; 160        ; 3        ; RESERVED_INPUT_WITH_WEAK_PULLUP                ;        ;                       ;         ; Column I/O ;                 ; no       ; On           ;
; V10      ; 162        ; 3        ; RESERVED_INPUT_WITH_WEAK_PULLUP                ;        ;                       ;         ; Column I/O ;                 ; no       ; On           ;
; V11      ; 172        ; 4        ; RESERVED_INPUT_WITH_WEAK_PULLUP                ;        ;                       ;         ; Column I/O ;                 ; no       ; On           ;
; V12      ; 174        ; 4        ; RESERVED_INPUT_WITH_WEAK_PULLUP                ;        ;                       ;         ; Column I/O ;                 ; no       ; On           ;
; V13      ; 192        ; 4        ; RESERVED_INPUT_WITH_WEAK_PULLUP                ;        ;                       ;         ; Column I/O ;                 ; no       ; On           ;
; V14      ; 204        ; 4        ; RESERVED_INPUT_WITH_WEAK_PULLUP                ;        ;                       ;         ; Column I/O ;                 ; no       ; On           ;
; V15      ; 216        ; 4        ; RESERVED_INPUT_WITH_WEAK_PULLUP                ;        ;                       ;         ; Column I/O ;                 ; no       ; On           ;
; V16      ; 210        ; 4        ; RESERVED_INPUT_WITH_WEAK_PULLUP                ;        ;                       ;         ; Column I/O ;                 ; no       ; On           ;
; V17      ; 242        ; 4        ; RESERVED_INPUT_WITH_WEAK_PULLUP                ;        ;                       ;         ; Column I/O ;                 ; no       ; On           ;
; V18      ; 280        ; 5        ; RESERVED_INPUT_WITH_WEAK_PULLUP                ;        ;                       ;         ; Row I/O    ;                 ; no       ; On           ;
; V19      ;            ;          ; GND                                            ; gnd    ;                       ;         ; --         ;                 ; --       ; --           ;
; V20      ; 288        ; 5        ; RESERVED_INPUT_WITH_WEAK_PULLUP                ;        ;                       ;         ; Row I/O    ;                 ; no       ; On           ;
; V21      ; 289        ; 5        ; RESERVED_INPUT_WITH_WEAK_PULLUP                ;        ;                       ;         ; Row I/O    ;                 ; no       ; On           ;
; V22      ; 291        ; 5        ; RESERVED_INPUT_WITH_WEAK_PULLUP                ;        ;                       ;         ; Row I/O    ;                 ; no       ; On           ;
; W1       ; 97         ; 2        ; RESERVED_INPUT_WITH_WEAK_PULLUP                ;        ;                       ;         ; Row I/O    ;                 ; no       ; On           ;
; W2       ; 99         ; 2        ; RESERVED_INPUT_WITH_WEAK_PULLUP                ;        ;                       ;         ; Row I/O    ;                 ; no       ; On           ;
; W3       ; 134        ; 3        ; RESERVED_INPUT_WITH_WEAK_PULLUP                ;        ;                       ;         ; Column I/O ;                 ; no       ; On           ;
; W4       ; 132        ; 3        ; RESERVED_INPUT_WITH_WEAK_PULLUP                ;        ;                       ;         ; Column I/O ;                 ; no       ; On           ;
; W5       ; 124        ; 3        ; RESERVED_INPUT_WITH_WEAK_PULLUP                ;        ;                       ;         ; Column I/O ;                 ; no       ; On           ;
; W6       ; 126        ; 3        ; RESERVED_INPUT_WITH_WEAK_PULLUP                ;        ;                       ;         ; Column I/O ;                 ; no       ; On           ;
; W7       ; 148        ; 3        ; RESERVED_INPUT_WITH_WEAK_PULLUP                ;        ;                       ;         ; Column I/O ;                 ; no       ; On           ;
; W8       ; 150        ; 3        ; RESERVED_INPUT_WITH_WEAK_PULLUP                ;        ;                       ;         ; Column I/O ;                 ; no       ; On           ;
; W9       ; 144        ; 3        ; RESERVED_INPUT_WITH_WEAK_PULLUP                ;        ;                       ;         ; Column I/O ;                 ; no       ; On           ;
; W10      ; 146        ; 3        ; RESERVED_INPUT_WITH_WEAK_PULLUP                ;        ;                       ;         ; Column I/O ;                 ; no       ; On           ;
; W11      ; 173        ; 4        ; RESERVED_INPUT_WITH_WEAK_PULLUP                ;        ;                       ;         ; Column I/O ;                 ; no       ; On           ;
; W12      ; 193        ; 4        ; RESERVED_INPUT_WITH_WEAK_PULLUP                ;        ;                       ;         ; Column I/O ;                 ; no       ; On           ;
; W13      ; 195        ; 4        ; RESERVED_INPUT_WITH_WEAK_PULLUP                ;        ;                       ;         ; Column I/O ;                 ; no       ; On           ;
; W14      ; 194        ; 4        ; RESERVED_INPUT_WITH_WEAK_PULLUP                ;        ;                       ;         ; Column I/O ;                 ; no       ; On           ;
; W15      ; 206        ; 4        ; RESERVED_INPUT_WITH_WEAK_PULLUP                ;        ;                       ;         ; Column I/O ;                 ; no       ; On           ;
; W16      ; 218        ; 4        ; RESERVED_INPUT_WITH_WEAK_PULLUP                ;        ;                       ;         ; Column I/O ;                 ; no       ; On           ;
; W17      ; 240        ; 4        ; RESERVED_INPUT_WITH_WEAK_PULLUP                ;        ;                       ;         ; Column I/O ;                 ; no       ; On           ;
; W18      ; 226        ; 4        ; RESERVED_INPUT_WITH_WEAK_PULLUP                ;        ;                       ;         ; Column I/O ;                 ; no       ; On           ;
; W19      ; 284        ; 5        ; RESERVED_INPUT_WITH_WEAK_PULLUP                ;        ;                       ;         ; Row I/O    ;                 ; no       ; On           ;
; W20      ; 286        ; 5        ; RESERVED_INPUT_WITH_WEAK_PULLUP                ;        ;                       ;         ; Row I/O    ;                 ; no       ; On           ;
; W21      ;            ;          ; GND                                            ; gnd    ;                       ;         ; --         ;                 ; --       ; --           ;
; W22      ; 283        ; 5        ; RESERVED_INPUT_WITH_WEAK_PULLUP                ;        ;                       ;         ; Row I/O    ;                 ; no       ; On           ;
; Y1       ; 129        ; 3        ; RESERVED_INPUT_WITH_WEAK_PULLUP                ;        ;                       ;         ; Column I/O ;                 ; no       ; On           ;
; Y2       ; 131        ; 3        ; RESERVED_INPUT_WITH_WEAK_PULLUP                ;        ;                       ;         ; Column I/O ;                 ; no       ; On           ;
; Y3       ; 149        ; 3        ; RESERVED_INPUT_WITH_WEAK_PULLUP                ;        ;                       ;         ; Column I/O ;                 ; no       ; On           ;
; Y4       ; 151        ; 3        ; RESERVED_INPUT_WITH_WEAK_PULLUP                ;        ;                       ;         ; Column I/O ;                 ; no       ; On           ;
; Y5       ; 137        ; 3        ; RESERVED_INPUT_WITH_WEAK_PULLUP                ;        ;                       ;         ; Column I/O ;                 ; no       ; On           ;
; Y6       ; 139        ; 3        ; RESERVED_INPUT_WITH_WEAK_PULLUP                ;        ;                       ;         ; Column I/O ;                 ; no       ; On           ;
; Y7       ; 141        ; 3        ; RESERVED_INPUT_WITH_WEAK_PULLUP                ;        ;                       ;         ; Column I/O ;                 ; no       ; On           ;
; Y8       ; 143        ; 3        ; RESERVED_INPUT_WITH_WEAK_PULLUP                ;        ;                       ;         ; Column I/O ;                 ; no       ; On           ;
; Y9       ;            ;          ; GND                                            ; gnd    ;                       ;         ; --         ;                 ; --       ; --           ;
; Y10      ; 168        ; 3        ; RESERVED_INPUT_WITH_WEAK_PULLUP                ;        ;                       ;         ; Column I/O ;                 ; no       ; On           ;
; Y11      ; 175        ; 4        ; RESERVED_INPUT_WITH_WEAK_PULLUP                ;        ;                       ;         ; Column I/O ;                 ; no       ; On           ;
; Y12      ;            ;          ; GND                                            ; gnd    ;                       ;         ; --         ;                 ; --       ; --           ;
; Y13      ; 200        ; 4        ; RESERVED_INPUT_WITH_WEAK_PULLUP                ;        ;                       ;         ; Column I/O ;                 ; no       ; On           ;
; Y14      ; 202        ; 4        ; RESERVED_INPUT_WITH_WEAK_PULLUP                ;        ;                       ;         ; Column I/O ;                 ; no       ; On           ;
; Y15      ;            ;          ; GND                                            ; gnd    ;                       ;         ; --         ;                 ; --       ; --           ;
; Y16      ; 207        ; 4        ; RESERVED_INPUT_WITH_WEAK_PULLUP                ;        ;                       ;         ; Column I/O ;                 ; no       ; On           ;
; Y17      ; 214        ; 4        ; RESERVED_INPUT_WITH_WEAK_PULLUP                ;        ;                       ;         ; Column I/O ;                 ; no       ; On           ;
; Y18      ; 219        ; 4        ; RESERVED_INPUT_WITH_WEAK_PULLUP                ;        ;                       ;         ; Column I/O ;                 ; no       ; On           ;
; Y19      ; 224        ; 4        ; RESERVED_INPUT_WITH_WEAK_PULLUP                ;        ;                       ;         ; Column I/O ;                 ; no       ; On           ;
; Y20      ; 285        ; 5        ; RESERVED_INPUT_WITH_WEAK_PULLUP                ;        ;                       ;         ; Row I/O    ;                 ; no       ; On           ;
; Y21      ; 287        ; 5        ; RESERVED_INPUT_WITH_WEAK_PULLUP                ;        ;                       ;         ; Row I/O    ;                 ; no       ; On           ;
; Y22      ; 281        ; 5        ; RESERVED_INPUT_WITH_WEAK_PULLUP                ;        ;                       ;         ; Row I/O    ;                 ; no       ; On           ;
+----------+------------+----------+------------------------------------------------+--------+-----------------------+---------+------------+-----------------+----------+--------------+
Note: Pin directions (input, output or bidir) are based on device operating in user mode.


+------------------------------------------+
; I/O Assignment Warnings                  ;
+----------+-------------------------------+
; Pin Name ; Reason                        ;
+----------+-------------------------------+
; R0       ; Incomplete set of assignments ;
; R1       ; Incomplete set of assignments ;
; R2       ; Incomplete set of assignments ;
; R3       ; Incomplete set of assignments ;
; R4       ; Incomplete set of assignments ;
; R5       ; Incomplete set of assignments ;
; R6       ; Incomplete set of assignments ;
; R7       ; Incomplete set of assignments ;
; a0       ; Incomplete set of assignments ;
; a1       ; Incomplete set of assignments ;
; b0       ; Incomplete set of assignments ;
; b1       ; Incomplete set of assignments ;
; c0       ; Incomplete set of assignments ;
; c1       ; Incomplete set of assignments ;
; d0       ; Incomplete set of assignments ;
; d1       ; Incomplete set of assignments ;
; e0       ; Incomplete set of assignments ;
; e1       ; Incomplete set of assignments ;
; f0       ; Incomplete set of assignments ;
; f1       ; Incomplete set of assignments ;
; g0       ; Incomplete set of assignments ;
; g1       ; Incomplete set of assignments ;
; led1     ; Incomplete set of assignments ;
; led2     ; Incomplete set of assignments ;
; E2       ; Incomplete set of assignments ;
; B0       ; Incomplete set of assignments ;
; A0       ; Incomplete set of assignments ;
; E0       ; Incomplete set of assignments ;
; Cin      ; Incomplete set of assignments ;
; E1       ; Incomplete set of assignments ;
; B3       ; Incomplete set of assignments ;
; B2       ; Incomplete set of assignments ;
; B1       ; Incomplete set of assignments ;
; A3       ; Incomplete set of assignments ;
; A2       ; Incomplete set of assignments ;
; A1       ; Incomplete set of assignments ;
; R0       ; Missing location assignment   ;
; R1       ; Missing location assignment   ;
; R2       ; Missing location assignment   ;
; R3       ; Missing location assignment   ;
; R4       ; Missing location assignment   ;
; R5       ; Missing location assignment   ;
; R6       ; Missing location assignment   ;
; R7       ; Missing location assignment   ;
; a0       ; Missing location assignment   ;
; a1       ; Missing location assignment   ;
; b0       ; Missing location assignment   ;
; b1       ; Missing location assignment   ;
; c0       ; Missing location assignment   ;
; c1       ; Missing location assignment   ;
; d0       ; Missing location assignment   ;
; d1       ; Missing location assignment   ;
; e0       ; Missing location assignment   ;
; e1       ; Missing location assignment   ;
; f0       ; Missing location assignment   ;
; f1       ; Missing location assignment   ;
; g0       ; Missing location assignment   ;
; g1       ; Missing location assignment   ;
; led1     ; Missing location assignment   ;
; led2     ; Missing location assignment   ;
; E2       ; Missing location assignment   ;
; B0       ; Missing location assignment   ;
; A0       ; Missing location assignment   ;
; E0       ; Missing location assignment   ;
; Cin      ; Missing location assignment   ;
; E1       ; Missing location assignment   ;
; B3       ; Missing location assignment   ;
; B2       ; Missing location assignment   ;
; B1       ; Missing location assignment   ;
; A3       ; Missing location assignment   ;
; A2       ; Missing location assignment   ;
; A1       ; Missing location assignment   ;
+----------+-------------------------------+


+----------------------------------------------------------------------------------------------------------------------------------------------------------------------------------------------------------------------------------------------------------------------------------------------------------------------------------------------------------------------------------------+
; Fitter Resource Utilization by Entity                                                                                                                                                                                                                                                                                                                                                  ;
+----------------------------------------+-------------+---------------------------+---------------+-------------+------+------------+--------------+---------+-----------+------+--------------+--------------+-------------------+------------------+------------+------------------------------------------------------------------------------+-----------------------+--------------+
; Compilation Hierarchy Node             ; Logic Cells ; Dedicated Logic Registers ; I/O Registers ; Memory Bits ; M9Ks ; UFM Blocks ; DSP Elements ; DSP 9x9 ; DSP 18x18 ; Pins ; Virtual Pins ; LUT-Only LCs ; Register-Only LCs ; LUT/Register LCs ; ADC blocks ; Full Hierarchy Name                                                          ; Entity Name           ; Library Name ;
+----------------------------------------+-------------+---------------------------+---------------+-------------+------+------------+--------------+---------+-----------+------+--------------+--------------+-------------------+------------------+------------+------------------------------------------------------------------------------+-----------------------+--------------+
; |Ula_simplificada                      ; 240 (1)     ; 0 (0)                     ; 0 (0)         ; 0           ; 0    ; 1          ; 0            ; 0       ; 0         ; 36   ; 0            ; 240 (1)      ; 0 (0)             ; 0 (0)            ; 0          ; |Ula_simplificada                                                            ; Ula_simplificada      ; work         ;
;    |AND_4bits:porta_and|               ; 1 (0)       ; 0 (0)                     ; 0 (0)         ; 0           ; 0    ; 0          ; 0            ; 0       ; 0         ; 0    ; 0            ; 1 (0)        ; 0 (0)             ; 0 (0)            ; 0          ; |Ula_simplificada|AND_4bits:porta_and                                        ; AND_4bits             ; work         ;
;       |PortaAnd:And2|                  ; 1 (1)       ; 0 (0)                     ; 0 (0)         ; 0           ; 0    ; 0          ; 0            ; 0       ; 0         ; 0    ; 0            ; 1 (1)        ; 0 (0)             ; 0 (0)            ; 0          ; |Ula_simplificada|AND_4bits:porta_and|PortaAnd:And2                          ; PortaAnd              ; work         ;
;    |XOR_4bits:porta_xor|               ; 2 (0)       ; 0 (0)                     ; 0 (0)         ; 0           ; 0    ; 0          ; 0            ; 0       ; 0         ; 0    ; 0            ; 2 (0)        ; 0 (0)             ; 0 (0)            ; 0          ; |Ula_simplificada|XOR_4bits:porta_xor                                        ; XOR_4bits             ; work         ;
;       |PortaXOR:Xor3|                  ; 1 (1)       ; 0 (0)                     ; 0 (0)         ; 0           ; 0    ; 0          ; 0            ; 0       ; 0         ; 0    ; 0            ; 1 (1)        ; 0 (0)             ; 0 (0)            ; 0          ; |Ula_simplificada|XOR_4bits:porta_xor|PortaXOR:Xor3                          ; PortaXOR              ; work         ;
;       |PortaXOR:Xor4|                  ; 1 (1)       ; 0 (0)                     ; 0 (0)         ; 0           ; 0    ; 0          ; 0            ; 0       ; 0         ; 0    ; 0            ; 1 (1)        ; 0 (0)             ; 0 (0)            ; 0          ; |Ula_simplificada|XOR_4bits:porta_xor|PortaXOR:Xor4                          ; PortaXOR              ; work         ;
;    |decodificador_display:display|     ; 127 (127)   ; 0 (0)                     ; 0 (0)         ; 0           ; 0    ; 0          ; 0            ; 0       ; 0         ; 0    ; 0            ; 127 (127)    ; 0 (0)             ; 0 (0)            ; 0          ; |Ula_simplificada|decodificador_display:display                              ; decodificador_display ; work         ;
;    |divisor:div|                       ; 18 (0)      ; 0 (0)                     ; 0 (0)         ; 0           ; 0    ; 0          ; 0            ; 0       ; 0         ; 0    ; 0            ; 18 (0)       ; 0 (0)             ; 0 (0)            ; 0          ; |Ula_simplificada|divisor:div                                                ; divisor               ; work         ;
;       |mux_4bits_divisor:mux1|         ; 3 (3)       ; 0 (0)                     ; 0 (0)         ; 0           ; 0    ; 0          ; 0            ; 0       ; 0         ; 0    ; 0            ; 3 (3)        ; 0 (0)             ; 0 (0)            ; 0          ; |Ula_simplificada|divisor:div|mux_4bits_divisor:mux1                         ; mux_4bits_divisor     ; work         ;
;       |mux_4bits_divisor:mux2|         ; 1 (1)       ; 0 (0)                     ; 0 (0)         ; 0           ; 0    ; 0          ; 0            ; 0       ; 0         ; 0    ; 0            ; 1 (1)        ; 0 (0)             ; 0 (0)            ; 0          ; |Ula_simplificada|divisor:div|mux_4bits_divisor:mux2                         ; mux_4bits_divisor     ; work         ;
;       |subtrator_4bits:sub0|           ; 2 (0)       ; 0 (0)                     ; 0 (0)         ; 0           ; 0    ; 0          ; 0            ; 0       ; 0         ; 0    ; 0            ; 2 (0)        ; 0 (0)             ; 0 (0)            ; 0          ; |Ula_simplificada|divisor:div|subtrator_4bits:sub0                           ; subtrator_4bits       ; work         ;
;          |subtrator_1bit:subtrator4|   ; 2 (2)       ; 0 (0)                     ; 0 (0)         ; 0           ; 0    ; 0          ; 0            ; 0       ; 0         ; 0    ; 0            ; 2 (2)        ; 0 (0)             ; 0 (0)            ; 0          ; |Ula_simplificada|divisor:div|subtrator_4bits:sub0|subtrator_1bit:subtrator4 ; subtrator_1bit        ; work         ;
;       |subtrator_4bits:sub1|           ; 2 (0)       ; 0 (0)                     ; 0 (0)         ; 0           ; 0    ; 0          ; 0            ; 0       ; 0         ; 0    ; 0            ; 2 (0)        ; 0 (0)             ; 0 (0)            ; 0          ; |Ula_simplificada|divisor:div|subtrator_4bits:sub1                           ; subtrator_4bits       ; work         ;
;          |subtrator_1bit:subtrator4|   ; 2 (2)       ; 0 (0)                     ; 0 (0)         ; 0           ; 0    ; 0          ; 0            ; 0       ; 0         ; 0    ; 0            ; 2 (2)        ; 0 (0)             ; 0 (0)            ; 0          ; |Ula_simplificada|divisor:div|subtrator_4bits:sub1|subtrator_1bit:subtrator4 ; subtrator_1bit        ; work         ;
;       |subtrator_4bits:sub2|           ; 4 (0)       ; 0 (0)                     ; 0 (0)         ; 0           ; 0    ; 0          ; 0            ; 0       ; 0         ; 0    ; 0            ; 4 (0)        ; 0 (0)             ; 0 (0)            ; 0          ; |Ula_simplificada|divisor:div|subtrator_4bits:sub2                           ; subtrator_4bits       ; work         ;
;          |subtrator_1bit:subtrator1|   ; 1 (1)       ; 0 (0)                     ; 0 (0)         ; 0           ; 0    ; 0          ; 0            ; 0       ; 0         ; 0    ; 0            ; 1 (1)        ; 0 (0)             ; 0 (0)            ; 0          ; |Ula_simplificada|divisor:div|subtrator_4bits:sub2|subtrator_1bit:subtrator1 ; subtrator_1bit        ; work         ;
;          |subtrator_1bit:subtrator2|   ; 1 (1)       ; 0 (0)                     ; 0 (0)         ; 0           ; 0    ; 0          ; 0            ; 0       ; 0         ; 0    ; 0            ; 1 (1)        ; 0 (0)             ; 0 (0)            ; 0          ; |Ula_simplificada|divisor:div|subtrator_4bits:sub2|subtrator_1bit:subtrator2 ; subtrator_1bit        ; work         ;
;          |subtrator_1bit:subtrator4|   ; 2 (2)       ; 0 (0)                     ; 0 (0)         ; 0           ; 0    ; 0          ; 0            ; 0       ; 0         ; 0    ; 0            ; 2 (2)        ; 0 (0)             ; 0 (0)            ; 0          ; |Ula_simplificada|divisor:div|subtrator_4bits:sub2|subtrator_1bit:subtrator4 ; subtrator_1bit        ; work         ;
;       |subtrator_4bits:sub3|           ; 6 (0)       ; 0 (0)                     ; 0 (0)         ; 0           ; 0    ; 0          ; 0            ; 0       ; 0         ; 0    ; 0            ; 6 (0)        ; 0 (0)             ; 0 (0)            ; 0          ; |Ula_simplificada|divisor:div|subtrator_4bits:sub3                           ; subtrator_4bits       ; work         ;
;          |subtrator_1bit:subtrator3|   ; 2 (2)       ; 0 (0)                     ; 0 (0)         ; 0           ; 0    ; 0          ; 0            ; 0       ; 0         ; 0    ; 0            ; 2 (2)        ; 0 (0)             ; 0 (0)            ; 0          ; |Ula_simplificada|divisor:div|subtrator_4bits:sub3|subtrator_1bit:subtrator3 ; subtrator_1bit        ; work         ;
;          |subtrator_1bit:subtrator4|   ; 4 (4)       ; 0 (0)                     ; 0 (0)         ; 0           ; 0    ; 0          ; 0            ; 0       ; 0         ; 0    ; 0            ; 4 (4)        ; 0 (0)             ; 0 (0)            ; 0          ; |Ula_simplificada|divisor:div|subtrator_4bits:sub3|subtrator_1bit:subtrator4 ; subtrator_1bit        ; work         ;
;    |flagERRO:fe|                       ; 1 (1)       ; 0 (0)                     ; 0 (0)         ; 0           ; 0    ; 0          ; 0            ; 0       ; 0         ; 0    ; 0            ; 1 (1)        ; 0 (0)             ; 0 (0)            ; 0          ; |Ula_simplificada|flagERRO:fe                                                ; flagERRO              ; work         ;
;    |flagoverflow:ovf|                  ; 3 (3)       ; 0 (0)                     ; 0 (0)         ; 0           ; 0    ; 0          ; 0            ; 0       ; 0         ; 0    ; 0            ; 3 (3)        ; 0 (0)             ; 0 (0)            ; 0          ; |Ula_simplificada|flagoverflow:ovf                                           ; flagoverflow          ; work         ;
;    |multiplexador_8bits:mux_principal| ; 31 (0)      ; 0 (0)                     ; 0 (0)         ; 0           ; 0    ; 0          ; 0            ; 0       ; 0         ; 0    ; 0            ; 31 (0)       ; 0 (0)             ; 0 (0)            ; 0          ; |Ula_simplificada|multiplexador_8bits:mux_principal                          ; multiplexador_8bits   ; work         ;
;       |multiplexador_1bit:mux0|        ; 5 (5)       ; 0 (0)                     ; 0 (0)         ; 0           ; 0    ; 0          ; 0            ; 0       ; 0         ; 0    ; 0            ; 5 (5)        ; 0 (0)             ; 0 (0)            ; 0          ; |Ula_simplificada|multiplexador_8bits:mux_principal|multiplexador_1bit:mux0  ; multiplexador_1bit    ; work         ;
;       |multiplexador_1bit:mux1|        ; 6 (6)       ; 0 (0)                     ; 0 (0)         ; 0           ; 0    ; 0          ; 0            ; 0       ; 0         ; 0    ; 0            ; 6 (6)        ; 0 (0)             ; 0 (0)            ; 0          ; |Ula_simplificada|multiplexador_8bits:mux_principal|multiplexador_1bit:mux1  ; multiplexador_1bit    ; work         ;
;       |multiplexador_1bit:mux2|        ; 4 (4)       ; 0 (0)                     ; 0 (0)         ; 0           ; 0    ; 0          ; 0            ; 0       ; 0         ; 0    ; 0            ; 4 (4)        ; 0 (0)             ; 0 (0)            ; 0          ; |Ula_simplificada|multiplexador_8bits:mux_principal|multiplexador_1bit:mux2  ; multiplexador_1bit    ; work         ;
;       |multiplexador_1bit:mux3|        ; 5 (5)       ; 0 (0)                     ; 0 (0)         ; 0           ; 0    ; 0          ; 0            ; 0       ; 0         ; 0    ; 0            ; 5 (5)        ; 0 (0)             ; 0 (0)            ; 0          ; |Ula_simplificada|multiplexador_8bits:mux_principal|multiplexador_1bit:mux3  ; multiplexador_1bit    ; work         ;
;       |multiplexador_1bit:mux4|        ; 5 (5)       ; 0 (0)                     ; 0 (0)         ; 0           ; 0    ; 0          ; 0            ; 0       ; 0         ; 0    ; 0            ; 5 (5)        ; 0 (0)             ; 0 (0)            ; 0          ; |Ula_simplificada|multiplexador_8bits:mux_principal|multiplexador_1bit:mux4  ; multiplexador_1bit    ; work         ;
;       |multiplexador_1bit:mux5|        ; 2 (2)       ; 0 (0)                     ; 0 (0)         ; 0           ; 0    ; 0          ; 0            ; 0       ; 0         ; 0    ; 0            ; 2 (2)        ; 0 (0)             ; 0 (0)            ; 0          ; |Ula_simplificada|multiplexador_8bits:mux_principal|multiplexador_1bit:mux5  ; multiplexador_1bit    ; work         ;
;       |multiplexador_1bit:mux6|        ; 1 (1)       ; 0 (0)                     ; 0 (0)         ; 0           ; 0    ; 0          ; 0            ; 0       ; 0         ; 0    ; 0            ; 1 (1)        ; 0 (0)             ; 0 (0)            ; 0          ; |Ula_simplificada|multiplexador_8bits:mux_principal|multiplexador_1bit:mux6  ; multiplexador_1bit    ; work         ;
;       |multiplexador_1bit:mux7|        ; 3 (3)       ; 0 (0)                     ; 0 (0)         ; 0           ; 0    ; 0          ; 0            ; 0       ; 0         ; 0    ; 0            ; 3 (3)        ; 0 (0)             ; 0 (0)            ; 0          ; |Ula_simplificada|multiplexador_8bits:mux_principal|multiplexador_1bit:mux7  ; multiplexador_1bit    ; work         ;
;    |multiplicador_4bits:mult|          ; 28 (13)     ; 0 (0)                     ; 0 (0)         ; 0           ; 0    ; 0          ; 0            ; 0       ; 0         ; 0    ; 0            ; 28 (13)      ; 0 (0)             ; 0 (0)            ; 0          ; |Ula_simplificada|multiplicador_4bits:mult                                   ; multiplicador_4bits   ; work         ;
;       |somador_1bit:S1|                ; 2 (2)       ; 0 (0)                     ; 0 (0)         ; 0           ; 0    ; 0          ; 0            ; 0       ; 0         ; 0    ; 0            ; 2 (2)        ; 0 (0)             ; 0 (0)            ; 0          ; |Ula_simplificada|multiplicador_4bits:mult|somador_1bit:S1                   ; somador_1bit          ; work         ;
;       |somador_1bit:S2a|               ; 2 (2)       ; 0 (0)                     ; 0 (0)         ; 0           ; 0    ; 0          ; 0            ; 0       ; 0         ; 0    ; 0            ; 2 (2)        ; 0 (0)             ; 0 (0)            ; 0          ; |Ula_simplificada|multiplicador_4bits:mult|somador_1bit:S2a                  ; somador_1bit          ; work         ;
;       |somador_1bit:S2b|               ; 2 (2)       ; 0 (0)                     ; 0 (0)         ; 0           ; 0    ; 0          ; 0            ; 0       ; 0         ; 0    ; 0            ; 2 (2)        ; 0 (0)             ; 0 (0)            ; 0          ; |Ula_simplificada|multiplicador_4bits:mult|somador_1bit:S2b                  ; somador_1bit          ; work         ;
;       |somador_1bit:S3a|               ; 2 (2)       ; 0 (0)                     ; 0 (0)         ; 0           ; 0    ; 0          ; 0            ; 0       ; 0         ; 0    ; 0            ; 2 (2)        ; 0 (0)             ; 0 (0)            ; 0          ; |Ula_simplificada|multiplicador_4bits:mult|somador_1bit:S3a                  ; somador_1bit          ; work         ;
;       |somador_1bit:S3c|               ; 1 (1)       ; 0 (0)                     ; 0 (0)         ; 0           ; 0    ; 0          ; 0            ; 0       ; 0         ; 0    ; 0            ; 1 (1)        ; 0 (0)             ; 0 (0)            ; 0          ; |Ula_simplificada|multiplicador_4bits:mult|somador_1bit:S3c                  ; somador_1bit          ; work         ;
;       |somador_1bit:S4a|               ; 1 (1)       ; 0 (0)                     ; 0 (0)         ; 0           ; 0    ; 0          ; 0            ; 0       ; 0         ; 0    ; 0            ; 1 (1)        ; 0 (0)             ; 0 (0)            ; 0          ; |Ula_simplificada|multiplicador_4bits:mult|somador_1bit:S4a                  ; somador_1bit          ; work         ;
;       |somador_1bit:S4b|               ; 2 (2)       ; 0 (0)                     ; 0 (0)         ; 0           ; 0    ; 0          ; 0            ; 0       ; 0         ; 0    ; 0            ; 2 (2)        ; 0 (0)             ; 0 (0)            ; 0          ; |Ula_simplificada|multiplicador_4bits:mult|somador_1bit:S4b                  ; somador_1bit          ; work         ;
;       |somador_1bit:S5a|               ; 2 (2)       ; 0 (0)                     ; 0 (0)         ; 0           ; 0    ; 0          ; 0            ; 0       ; 0         ; 0    ; 0            ; 2 (2)        ; 0 (0)             ; 0 (0)            ; 0          ; |Ula_simplificada|multiplicador_4bits:mult|somador_1bit:S5a                  ; somador_1bit          ; work         ;
;       |somador_1bit:S6a|               ; 1 (1)       ; 0 (0)                     ; 0 (0)         ; 0           ; 0    ; 0          ; 0            ; 0       ; 0         ; 0    ; 0            ; 1 (1)        ; 0 (0)             ; 0 (0)            ; 0          ; |Ula_simplificada|multiplicador_4bits:mult|somador_1bit:S6a                  ; somador_1bit          ; work         ;
;    |muxflag:mf|                        ; 18 (18)     ; 0 (0)                     ; 0 (0)         ; 0           ; 0    ; 0          ; 0            ; 0       ; 0         ; 0    ; 0            ; 18 (18)      ; 0 (0)             ; 0 (0)            ; 0          ; |Ula_simplificada|muxflag:mf                                                 ; muxflag               ; work         ;
;    |somador_4bits:soma|                ; 5 (0)       ; 0 (0)                     ; 0 (0)         ; 0           ; 0    ; 0          ; 0            ; 0       ; 0         ; 0    ; 0            ; 5 (0)        ; 0 (0)             ; 0 (0)            ; 0          ; |Ula_simplificada|somador_4bits:soma                                         ; somador_4bits         ; work         ;
;       |somador_1bit:somador1|          ; 2 (2)       ; 0 (0)                     ; 0 (0)         ; 0           ; 0    ; 0          ; 0            ; 0       ; 0         ; 0    ; 0            ; 2 (2)        ; 0 (0)             ; 0 (0)            ; 0          ; |Ula_simplificada|somador_4bits:soma|somador_1bit:somador1                   ; somador_1bit          ; work         ;
;       |somador_1bit:somador2|          ; 1 (1)       ; 0 (0)                     ; 0 (0)         ; 0           ; 0    ; 0          ; 0            ; 0       ; 0         ; 0    ; 0            ; 1 (1)        ; 0 (0)             ; 0 (0)            ; 0          ; |Ula_simplificada|somador_4bits:soma|somador_1bit:somador2                   ; somador_1bit          ; work         ;
;       |somador_1bit:somador3|          ; 2 (2)       ; 0 (0)                     ; 0 (0)         ; 0           ; 0    ; 0          ; 0            ; 0       ; 0         ; 0    ; 0            ; 2 (2)        ; 0 (0)             ; 0 (0)            ; 0          ; |Ula_simplificada|somador_4bits:soma|somador_1bit:somador3                   ; somador_1bit          ; work         ;
;    |subtrator_4bits:sub|               ; 5 (0)       ; 0 (0)                     ; 0 (0)         ; 0           ; 0    ; 0          ; 0            ; 0       ; 0         ; 0    ; 0            ; 5 (0)        ; 0 (0)             ; 0 (0)            ; 0          ; |Ula_simplificada|subtrator_4bits:sub                                        ; subtrator_4bits       ; work         ;
;       |subtrator_1bit:subtrator1|      ; 1 (1)       ; 0 (0)                     ; 0 (0)         ; 0           ; 0    ; 0          ; 0            ; 0       ; 0         ; 0    ; 0            ; 1 (1)        ; 0 (0)             ; 0 (0)            ; 0          ; |Ula_simplificada|subtrator_4bits:sub|subtrator_1bit:subtrator1              ; subtrator_1bit        ; work         ;
;       |subtrator_1bit:subtrator2|      ; 1 (1)       ; 0 (0)                     ; 0 (0)         ; 0           ; 0    ; 0          ; 0            ; 0       ; 0         ; 0    ; 0            ; 1 (1)        ; 0 (0)             ; 0 (0)            ; 0          ; |Ula_simplificada|subtrator_4bits:sub|subtrator_1bit:subtrator2              ; subtrator_1bit        ; work         ;
;       |subtrator_1bit:subtrator3|      ; 2 (2)       ; 0 (0)                     ; 0 (0)         ; 0           ; 0    ; 0          ; 0            ; 0       ; 0         ; 0    ; 0            ; 2 (2)        ; 0 (0)             ; 0 (0)            ; 0          ; |Ula_simplificada|subtrator_4bits:sub|subtrator_1bit:subtrator3              ; subtrator_1bit        ; work         ;
;       |subtrator_1bit:subtrator4|      ; 1 (1)       ; 0 (0)                     ; 0 (0)         ; 0           ; 0    ; 0          ; 0            ; 0       ; 0         ; 0    ; 0            ; 1 (1)        ; 0 (0)             ; 0 (0)            ; 0          ; |Ula_simplificada|subtrator_4bits:sub|subtrator_1bit:subtrator4              ; subtrator_1bit        ; work         ;
+----------------------------------------+-------------+---------------------------+---------------+-------------+------+------------+--------------+---------+-----------+------+--------------+--------------+-------------------+------------------+------------+------------------------------------------------------------------------------+-----------------------+--------------+
Note: For table entries with two numbers listed, the numbers in parentheses indicate the number of resources of the given type used by the specific entity alone. The numbers listed outside of parentheses indicate the total resources of the given type used by the specific entity and all of its sub-entities in the hierarchy.


+--------------------------------------------------------------------------------------+
; Delay Chain Summary                                                                  ;
+------+----------+---------------+---------------+-----------------------+-----+------+
; Name ; Pin Type ; Pad to Core 0 ; Pad to Core 1 ; Pad to Input Register ; TCO ; TCOE ;
+------+----------+---------------+---------------+-----------------------+-----+------+
; R0   ; Output   ; --            ; --            ; --                    ; --  ; --   ;
; R1   ; Output   ; --            ; --            ; --                    ; --  ; --   ;
; R2   ; Output   ; --            ; --            ; --                    ; --  ; --   ;
; R3   ; Output   ; --            ; --            ; --                    ; --  ; --   ;
; R4   ; Output   ; --            ; --            ; --                    ; --  ; --   ;
; R5   ; Output   ; --            ; --            ; --                    ; --  ; --   ;
; R6   ; Output   ; --            ; --            ; --                    ; --  ; --   ;
; R7   ; Output   ; --            ; --            ; --                    ; --  ; --   ;
; a0   ; Output   ; --            ; --            ; --                    ; --  ; --   ;
; a1   ; Output   ; --            ; --            ; --                    ; --  ; --   ;
; b0   ; Output   ; --            ; --            ; --                    ; --  ; --   ;
; b1   ; Output   ; --            ; --            ; --                    ; --  ; --   ;
; c0   ; Output   ; --            ; --            ; --                    ; --  ; --   ;
; c1   ; Output   ; --            ; --            ; --                    ; --  ; --   ;
; d0   ; Output   ; --            ; --            ; --                    ; --  ; --   ;
; d1   ; Output   ; --            ; --            ; --                    ; --  ; --   ;
; e0   ; Output   ; --            ; --            ; --                    ; --  ; --   ;
; e1   ; Output   ; --            ; --            ; --                    ; --  ; --   ;
; f0   ; Output   ; --            ; --            ; --                    ; --  ; --   ;
; f1   ; Output   ; --            ; --            ; --                    ; --  ; --   ;
; g0   ; Output   ; --            ; --            ; --                    ; --  ; --   ;
; g1   ; Output   ; --            ; --            ; --                    ; --  ; --   ;
; led1 ; Output   ; --            ; --            ; --                    ; --  ; --   ;
; led2 ; Output   ; --            ; --            ; --                    ; --  ; --   ;
; E2   ; Input    ; --            ; (6) 868 ps    ; --                    ; --  ; --   ;
; B0   ; Input    ; --            ; (6) 868 ps    ; --                    ; --  ; --   ;
; A0   ; Input    ; (6) 868 ps    ; --            ; --                    ; --  ; --   ;
; E0   ; Input    ; --            ; (6) 868 ps    ; --                    ; --  ; --   ;
; Cin  ; Input    ; (6) 868 ps    ; --            ; --                    ; --  ; --   ;
; E1   ; Input    ; (6) 868 ps    ; --            ; --                    ; --  ; --   ;
; B3   ; Input    ; (6) 868 ps    ; --            ; --                    ; --  ; --   ;
; B2   ; Input    ; --            ; (6) 868 ps    ; --                    ; --  ; --   ;
; B1   ; Input    ; (6) 868 ps    ; --            ; --                    ; --  ; --   ;
; A3   ; Input    ; --            ; (6) 868 ps    ; --                    ; --  ; --   ;
; A2   ; Input    ; (6) 868 ps    ; --            ; --                    ; --  ; --   ;
; A1   ; Input    ; (6) 868 ps    ; --            ; --                    ; --  ; --   ;
+------+----------+---------------+---------------+-----------------------+-----+------+


+-------------------------------------------------------------------------------------------------------+
; Pad To Core Delay Chain Fanout                                                                        ;
+-------------------------------------------------------------------------+-------------------+---------+
; Source Pin / Fanout                                                     ; Pad To Core Index ; Setting ;
+-------------------------------------------------------------------------+-------------------+---------+
; E2                                                                      ;                   ;         ;
;      - multiplexador_8bits:mux_principal|multiplexador_1bit:mux0|Or0~0  ; 1                 ; 6       ;
;      - multiplexador_8bits:mux_principal|multiplexador_1bit:mux0|Or0~1  ; 1                 ; 6       ;
;      - multiplexador_8bits:mux_principal|multiplexador_1bit:mux0|Or0~2  ; 1                 ; 6       ;
;      - multiplexador_8bits:mux_principal|multiplexador_1bit:mux7|And2~0 ; 1                 ; 6       ;
;      - multiplexador_8bits:mux_principal|multiplexador_1bit:mux1|Or0~3  ; 1                 ; 6       ;
;      - multiplexador_8bits:mux_principal|multiplexador_1bit:mux1|Or0~4  ; 1                 ; 6       ;
;      - multiplexador_8bits:mux_principal|multiplexador_1bit:mux1|Or0~5  ; 1                 ; 6       ;
;      - multiplexador_8bits:mux_principal|multiplexador_1bit:mux2|Or0~3  ; 1                 ; 6       ;
;      - multiplexador_8bits:mux_principal|multiplexador_1bit:mux3|Or0~2  ; 1                 ; 6       ;
;      - multiplexador_8bits:mux_principal|multiplexador_1bit:mux3|Or0~4  ; 1                 ; 6       ;
;      - multiplexador_8bits:mux_principal|multiplexador_1bit:mux4|Or0~4  ; 1                 ; 6       ;
;      - multiplexador_8bits:mux_principal|multiplexador_1bit:mux7|And2~1 ; 1                 ; 6       ;
;      - flagoverflow:ovf|o3~3                                            ; 1                 ; 6       ;
;      - muxflag:mf|or1~4                                                 ; 1                 ; 6       ;
;      - muxflag:mf|or1~9                                                 ; 1                 ; 6       ;
;      - muxflag:mf|or1~12                                                ; 1                 ; 6       ;
;      - muxflag:mf|or1~16                                                ; 1                 ; 6       ;
;      - multiplexador_8bits:mux_principal|multiplexador_1bit:mux5|And2~4 ; 1                 ; 6       ;
;      - decodificador_display:display|WideAnd186~2                       ; 1                 ; 6       ;
;      - decodificador_display:display|WideOr10~23                        ; 1                 ; 6       ;
;      - multiplexador_8bits:mux_principal|multiplexador_1bit:mux5|And2~5 ; 1                 ; 6       ;
;      - muxflag:mf|or2                                                   ; 1                 ; 6       ;
; B0                                                                      ;                   ;         ;
;      - multiplexador_8bits:mux_principal|multiplexador_1bit:mux0|Or0~0  ; 1                 ; 6       ;
;      - somador_4bits:soma|somador_1bit:somador1|Xor1                    ; 1                 ; 6       ;
;      - multiplexador_8bits:mux_principal|multiplexador_1bit:mux0|Or0~2  ; 1                 ; 6       ;
;      - divisor:div|subtrator_4bits:sub3|subtrator_1bit:subtrator4|Or0~0 ; 1                 ; 6       ;
;      - divisor:div|mux_4bits_divisor:mux1|Or0_1~2                       ; 1                 ; 6       ;
;      - divisor:div|mux_4bits_divisor:mux1|Or0_0~0                       ; 1                 ; 6       ;
;      - divisor:div|subtrator_4bits:sub2|subtrator_1bit:subtrator2|Or0~0 ; 1                 ; 6       ;
;      - divisor:div|subtrator_4bits:sub2|subtrator_1bit:subtrator1|And0  ; 1                 ; 6       ;
;      - multiplicador_4bits:mult|somador_1bit:S1|Xor0                    ; 1                 ; 6       ;
;      - somador_4bits:soma|somador_1bit:somador1|Or0~0                   ; 1                 ; 6       ;
;      - subtrator_4bits:sub|subtrator_1bit:subtrator1|Or0~0              ; 1                 ; 6       ;
;      - multiplicador_4bits:mult|AND20                                   ; 1                 ; 6       ;
;      - multiplicador_4bits:mult|somador_1bit:S1|And0                    ; 1                 ; 6       ;
;      - divisor:div|subtrator_4bits:sub1|subtrator_1bit:subtrator4|Or0~1 ; 1                 ; 6       ;
;      - divisor:div|subtrator_4bits:sub0|subtrator_1bit:subtrator4|Or0~1 ; 1                 ; 6       ;
;      - multiplicador_4bits:mult|AND30                                   ; 1                 ; 6       ;
;      - multiplicador_4bits:mult|somador_1bit:S2a|Or0~1                  ; 1                 ; 6       ;
;      - muxflag:mf|or1~3                                                 ; 1                 ; 6       ;
;      - muxflag:mf|or1~5                                                 ; 1                 ; 6       ;
;      - flagERRO:fe|flagerro~0                                           ; 1                 ; 6       ;
;      - multiplicador_4bits:mult|somador_1bit:S3c|Xor0                   ; 1                 ; 6       ;
;      - divisor:div|subtrator_4bits:sub3|subtrator_1bit:subtrator3|Or0~0 ; 1                 ; 6       ;
;      - divisor:div|subtrator_4bits:sub3|subtrator_1bit:subtrator3|Or0~1 ; 1                 ; 6       ;
; A0                                                                      ;                   ;         ;
;      - multiplexador_8bits:mux_principal|multiplexador_1bit:mux0|Or0~0  ; 0                 ; 6       ;
;      - somador_4bits:soma|somador_1bit:somador1|Xor1                    ; 0                 ; 6       ;
;      - multiplexador_8bits:mux_principal|multiplexador_1bit:mux0|Or0~2  ; 0                 ; 6       ;
;      - multiplicador_4bits:mult|somador_1bit:S1|Xor0                    ; 0                 ; 6       ;
;      - somador_4bits:soma|somador_1bit:somador1|Or0~0                   ; 0                 ; 6       ;
;      - subtrator_4bits:sub|subtrator_1bit:subtrator1|Or0~0              ; 0                 ; 6       ;
;      - multiplicador_4bits:mult|AND02                                   ; 0                 ; 6       ;
;      - multiplicador_4bits:mult|somador_1bit:S1|And0                    ; 0                 ; 6       ;
;      - multiplicador_4bits:mult|AND03                                   ; 0                 ; 6       ;
;      - multiplicador_4bits:mult|somador_1bit:S2a|Or0~0                  ; 0                 ; 6       ;
;      - muxflag:mf|or1~3                                                 ; 0                 ; 6       ;
;      - muxflag:mf|or1~5                                                 ; 0                 ; 6       ;
;      - muxflag:mf|or1~11                                                ; 0                 ; 6       ;
;      - divisor:div|subtrator_4bits:sub3|subtrator_1bit:subtrator3|Or0~1 ; 0                 ; 6       ;
; E0                                                                      ;                   ;         ;
;      - multiplexador_8bits:mux_principal|multiplexador_1bit:mux0|Or0~0  ; 1                 ; 6       ;
;      - multiplexador_8bits:mux_principal|multiplexador_1bit:mux0|Or0~3  ; 1                 ; 6       ;
;      - multiplexador_8bits:mux_principal|multiplexador_1bit:mux0|Or0~4  ; 1                 ; 6       ;
;      - multiplexador_8bits:mux_principal|multiplexador_1bit:mux1|Or0~4  ; 1                 ; 6       ;
;      - multiplexador_8bits:mux_principal|multiplexador_1bit:mux4|Or0~0  ; 1                 ; 6       ;
;      - multiplexador_8bits:mux_principal|multiplexador_1bit:mux1|Or0~6  ; 1                 ; 6       ;
;      - multiplexador_8bits:mux_principal|multiplexador_1bit:mux2|Or0~0  ; 1                 ; 6       ;
;      - multiplexador_8bits:mux_principal|multiplexador_1bit:mux2|Or0~1  ; 1                 ; 6       ;
;      - multiplexador_8bits:mux_principal|multiplexador_1bit:mux2|Or0~2  ; 1                 ; 6       ;
;      - multiplexador_8bits:mux_principal|multiplexador_1bit:mux3|Or0~0  ; 1                 ; 6       ;
;      - multiplexador_8bits:mux_principal|multiplexador_1bit:mux3|Or0~2  ; 1                 ; 6       ;
;      - multiplexador_8bits:mux_principal|multiplexador_1bit:mux3|Or0~4  ; 1                 ; 6       ;
;      - multiplexador_8bits:mux_principal|multiplexador_1bit:mux4|Or0~3  ; 1                 ; 6       ;
;      - multiplexador_8bits:mux_principal|multiplexador_1bit:mux6|And2   ; 1                 ; 6       ;
;      - multiplexador_8bits:mux_principal|multiplexador_1bit:mux7|And2   ; 1                 ; 6       ;
;      - decodificador_display:display|WideOr13~3                         ; 1                 ; 6       ;
;      - multiplexador_8bits:mux_principal|multiplexador_1bit:mux7|And2~1 ; 1                 ; 6       ;
;      - flagoverflow:ovf|o3~3                                            ; 1                 ; 6       ;
;      - muxflag:mf|or1~4                                                 ; 1                 ; 6       ;
;      - muxflag:mf|or1~5                                                 ; 1                 ; 6       ;
;      - muxflag:mf|or1~7                                                 ; 1                 ; 6       ;
;      - flagERRO:fe|flagerro~0                                           ; 1                 ; 6       ;
;      - muxflag:mf|or1~15                                                ; 1                 ; 6       ;
;      - multiplexador_8bits:mux_principal|multiplexador_1bit:mux1|Or0~7  ; 1                 ; 6       ;
;      - multiplexador_8bits:mux_principal|multiplexador_1bit:mux5|And2~4 ; 1                 ; 6       ;
;      - decodificador_display:display|WideOr10~24                        ; 1                 ; 6       ;
; Cin                                                                     ;                   ;         ;
;      - somador_4bits:soma|somador_1bit:somador1|Xor1                    ; 0                 ; 6       ;
;      - somador_4bits:soma|somador_1bit:somador1|Or0~0                   ; 0                 ; 6       ;
;      - subtrator_4bits:sub|subtrator_1bit:subtrator1|Or0~0              ; 0                 ; 6       ;
; E1                                                                      ;                   ;         ;
;      - multiplexador_8bits:mux_principal|multiplexador_1bit:mux0|Or0~1  ; 0                 ; 6       ;
;      - multiplexador_8bits:mux_principal|multiplexador_1bit:mux0|Or0~3  ; 0                 ; 6       ;
;      - multiplexador_8bits:mux_principal|multiplexador_1bit:mux7|And2~0 ; 0                 ; 6       ;
;      - multiplexador_8bits:mux_principal|multiplexador_1bit:mux1|Or0~2  ; 0                 ; 6       ;
;      - multiplexador_8bits:mux_principal|multiplexador_1bit:mux1|Or0~3  ; 0                 ; 6       ;
;      - multiplexador_8bits:mux_principal|multiplexador_1bit:mux4|Or0~0  ; 0                 ; 6       ;
;      - multiplexador_8bits:mux_principal|multiplexador_1bit:mux2|Or0~0  ; 0                 ; 6       ;
;      - multiplexador_8bits:mux_principal|multiplexador_1bit:mux2|Or0~1  ; 0                 ; 6       ;
;      - multiplexador_8bits:mux_principal|multiplexador_1bit:mux2|Or0~2  ; 0                 ; 6       ;
;      - multiplexador_8bits:mux_principal|multiplexador_1bit:mux3|Or0~0  ; 0                 ; 6       ;
;      - multiplexador_8bits:mux_principal|multiplexador_1bit:mux3|Or0~1  ; 0                 ; 6       ;
;      - multiplexador_8bits:mux_principal|multiplexador_1bit:mux3|Or0~3  ; 0                 ; 6       ;
;      - multiplexador_8bits:mux_principal|multiplexador_1bit:mux4|Or0~2  ; 0                 ; 6       ;
;      - multiplexador_8bits:mux_principal|multiplexador_1bit:mux4|Or0~3  ; 0                 ; 6       ;
;      - multiplexador_8bits:mux_principal|multiplexador_1bit:mux7|And2~1 ; 0                 ; 6       ;
;      - flagoverflow:ovf|o3~2                                            ; 0                 ; 6       ;
;      - muxflag:mf|or1~17                                                ; 0                 ; 6       ;
;      - multiplexador_8bits:mux_principal|multiplexador_1bit:mux1|Or0~7  ; 0                 ; 6       ;
;      - multiplexador_8bits:mux_principal|multiplexador_1bit:mux5|And2~4 ; 0                 ; 6       ;
;      - multiplexador_8bits:mux_principal|multiplexador_1bit:mux5|And2~5 ; 0                 ; 6       ;
;      - muxflag:mf|or2                                                   ; 0                 ; 6       ;
; B3                                                                      ;                   ;         ;
;      - divisor:div|subtrator_4bits:sub0|subtrator_1bit:subtrator4|Or0~0 ; 0                 ; 6       ;
;      - divisor:div|subtrator_4bits:sub2|subtrator_1bit:subtrator4|Or0~0 ; 0                 ; 6       ;
;      - divisor:div|subtrator_4bits:sub1|subtrator_1bit:subtrator4|Or0~0 ; 0                 ; 6       ;
;      - divisor:div|subtrator_4bits:sub3|subtrator_1bit:subtrator4|Or0~1 ; 0                 ; 6       ;
;      - divisor:div|subtrator_4bits:sub3|subtrator_1bit:subtrator4|Or0~3 ; 0                 ; 6       ;
;      - multiplexador_8bits:mux_principal|multiplexador_1bit:mux3|Or0~0  ; 0                 ; 6       ;
;      - XOR_4bits:porta_xor|PortaXOR:Xor4|Xor0~0                         ; 0                 ; 6       ;
;      - multiplicador_4bits:mult|AND03                                   ; 0                 ; 6       ;
;      - multiplexador_8bits:mux_principal|multiplexador_1bit:mux4|Or0~1  ; 0                 ; 6       ;
;      - multiplexador_8bits:mux_principal|multiplexador_1bit:mux4|Or0~2  ; 0                 ; 6       ;
;      - multiplicador_4bits:mult|AND13                                   ; 0                 ; 6       ;
;      - multiplicador_4bits:mult|AND23                                   ; 0                 ; 6       ;
;      - multiplicador_4bits:mult|AND33                                   ; 0                 ; 6       ;
;      - multiplicador_4bits:mult|somador_1bit:S6a|Xor0                   ; 0                 ; 6       ;
;      - muxflag:mf|or1~3                                                 ; 0                 ; 6       ;
;      - divisor:div|mux_4bits_divisor:mux1|Or0_1~3                       ; 0                 ; 6       ;
;      - decodificador_display:display|WideAnd40~3                        ; 0                 ; 6       ;
;      - decodificador_display:display|WideOr10~24                        ; 0                 ; 6       ;
;      - flagoverflow:ovf|o3~4                                            ; 0                 ; 6       ;
;      - muxflag:mf|or1~18                                                ; 0                 ; 6       ;
; B2                                                                      ;                   ;         ;
;      - divisor:div|subtrator_4bits:sub3|subtrator_1bit:subtrator4|Or0~0 ; 1                 ; 6       ;
;      - divisor:div|subtrator_4bits:sub0|subtrator_1bit:subtrator4|Or0~0 ; 1                 ; 6       ;
;      - divisor:div|subtrator_4bits:sub2|subtrator_1bit:subtrator4|Or0~0 ; 1                 ; 6       ;
;      - divisor:div|subtrator_4bits:sub1|subtrator_1bit:subtrator4|Or0~0 ; 1                 ; 6       ;
;      - divisor:div|subtrator_4bits:sub2|subtrator_1bit:subtrator4|Or0~1 ; 1                 ; 6       ;
;      - divisor:div|subtrator_4bits:sub3|subtrator_1bit:subtrator4|Or0~2 ; 1                 ; 6       ;
;      - multiplexador_8bits:mux_principal|multiplexador_1bit:mux2|Or0~0  ; 1                 ; 6       ;
;      - multiplicador_4bits:mult|AND02                                   ; 1                 ; 6       ;
;      - XOR_4bits:porta_xor|PortaXOR:Xor3|Xor0~0                         ; 1                 ; 6       ;
;      - subtrator_4bits:sub|subtrator_1bit:subtrator3|Or0~0              ; 1                 ; 6       ;
;      - multiplicador_4bits:mult|AND12                                   ; 1                 ; 6       ;
;      - somador_4bits:soma|somador_1bit:somador3|Or0~0                   ; 1                 ; 6       ;
;      - multiplicador_4bits:mult|AND22                                   ; 1                 ; 6       ;
;      - multiplicador_4bits:mult|AND32                                   ; 1                 ; 6       ;
;      - multiplicador_4bits:mult|somador_1bit:S4a|Or0~0                  ; 1                 ; 6       ;
;      - muxflag:mf|or1~2                                                 ; 1                 ; 6       ;
;      - subtrator_4bits:sub|subtrator_1bit:subtrator4|Xor1               ; 1                 ; 6       ;
;      - divisor:div|mux_4bits_divisor:mux1|Or0_1~3                       ; 1                 ; 6       ;
; B1                                                                      ;                   ;         ;
;      - divisor:div|subtrator_4bits:sub3|subtrator_1bit:subtrator4|Or0~0 ; 0                 ; 6       ;
;      - divisor:div|mux_4bits_divisor:mux1|Or0_1~2                       ; 0                 ; 6       ;
;      - divisor:div|subtrator_4bits:sub1|subtrator_1bit:subtrator4|Or0~0 ; 0                 ; 6       ;
;      - divisor:div|subtrator_4bits:sub2|subtrator_1bit:subtrator2|Or0~0 ; 0                 ; 6       ;
;      - divisor:div|mux_4bits_divisor:mux2|Or0_1~0                       ; 0                 ; 6       ;
;      - multiplicador_4bits:mult|somador_1bit:S1|Xor0                    ; 0                 ; 6       ;
;      - multiplexador_8bits:mux_principal|multiplexador_1bit:mux1|Or0~3  ; 0                 ; 6       ;
;      - multiplexador_8bits:mux_principal|multiplexador_1bit:mux1|Or0~5  ; 0                 ; 6       ;
;      - AND_4bits:porta_and|PortaAnd:And2|And0                           ; 0                 ; 6       ;
;      - multiplicador_4bits:mult|somador_1bit:S1|And0                    ; 0                 ; 6       ;
;      - subtrator_4bits:sub|subtrator_1bit:subtrator3|Xor1               ; 0                 ; 6       ;
;      - somador_4bits:soma|somador_1bit:somador3|Xor1                    ; 0                 ; 6       ;
;      - subtrator_4bits:sub|subtrator_1bit:subtrator2|Or0~0              ; 0                 ; 6       ;
;      - divisor:div|subtrator_4bits:sub0|subtrator_1bit:subtrator4|Or0~1 ; 0                 ; 6       ;
;      - multiplicador_4bits:mult|AND21                                   ; 0                 ; 6       ;
;      - multiplicador_4bits:mult|somador_1bit:S2a|Or0~0                  ; 0                 ; 6       ;
;      - somador_4bits:soma|somador_1bit:somador2|Or0~0                   ; 0                 ; 6       ;
;      - multiplicador_4bits:mult|AND31                                   ; 0                 ; 6       ;
;      - muxflag:mf|or1~2                                                 ; 0                 ; 6       ;
;      - flagERRO:fe|flagerro~0                                           ; 0                 ; 6       ;
;      - muxflag:mf|or1~13                                                ; 0                 ; 6       ;
;      - muxflag:mf|or1~14                                                ; 0                 ; 6       ;
;      - divisor:div|subtrator_4bits:sub3|subtrator_1bit:subtrator3|Or0~1 ; 0                 ; 6       ;
; A3                                                                      ;                   ;         ;
;      - divisor:div|subtrator_4bits:sub3|subtrator_1bit:subtrator4|Or0~0 ; 1                 ; 6       ;
;      - divisor:div|subtrator_4bits:sub2|subtrator_1bit:subtrator4|Or0~0 ; 1                 ; 6       ;
;      - divisor:div|subtrator_4bits:sub1|subtrator_1bit:subtrator4|Or0~0 ; 1                 ; 6       ;
;      - divisor:div|subtrator_4bits:sub3|subtrator_1bit:subtrator4|Or0~3 ; 1                 ; 6       ;
;      - multiplexador_8bits:mux_principal|multiplexador_1bit:mux3|Or0~0  ; 1                 ; 6       ;
;      - XOR_4bits:porta_xor|PortaXOR:Xor4|Xor0~0                         ; 1                 ; 6       ;
;      - divisor:div|subtrator_4bits:sub0|subtrator_1bit:subtrator4|Or0~1 ; 1                 ; 6       ;
;      - multiplicador_4bits:mult|AND30                                   ; 1                 ; 6       ;
;      - multiplexador_8bits:mux_principal|multiplexador_1bit:mux4|Or0~1  ; 1                 ; 6       ;
;      - multiplexador_8bits:mux_principal|multiplexador_1bit:mux4|Or0~2  ; 1                 ; 6       ;
;      - multiplicador_4bits:mult|AND31                                   ; 1                 ; 6       ;
;      - multiplicador_4bits:mult|AND32                                   ; 1                 ; 6       ;
;      - multiplicador_4bits:mult|AND33                                   ; 1                 ; 6       ;
;      - multiplicador_4bits:mult|somador_1bit:S6a|Xor0                   ; 1                 ; 6       ;
;      - muxflag:mf|or1~3                                                 ; 1                 ; 6       ;
;      - muxflag:mf|or1~11                                                ; 1                 ; 6       ;
;      - divisor:div|mux_4bits_divisor:mux1|Or0_1~3                       ; 1                 ; 6       ;
;      - multiplicador_4bits:mult|somador_1bit:S3c|Xor0                   ; 1                 ; 6       ;
;      - decodificador_display:display|WideAnd40~3                        ; 1                 ; 6       ;
;      - decodificador_display:display|WideOr10~24                        ; 1                 ; 6       ;
;      - flagoverflow:ovf|o3~4                                            ; 1                 ; 6       ;
;      - muxflag:mf|or1~18                                                ; 1                 ; 6       ;
; A2                                                                      ;                   ;         ;
;      - divisor:div|mux_4bits_divisor:mux1|Or0_1~2                       ; 0                 ; 6       ;
;      - divisor:div|mux_4bits_divisor:mux1|Or0_0~0                       ; 0                 ; 6       ;
;      - multiplexador_8bits:mux_principal|multiplexador_1bit:mux2|Or0~0  ; 0                 ; 6       ;
;      - multiplicador_4bits:mult|AND20                                   ; 0                 ; 6       ;
;      - divisor:div|subtrator_4bits:sub1|subtrator_1bit:subtrator4|Or0~1 ; 0                 ; 6       ;
;      - XOR_4bits:porta_xor|PortaXOR:Xor3|Xor0~0                         ; 0                 ; 6       ;
;      - subtrator_4bits:sub|subtrator_1bit:subtrator3|Or0~0              ; 0                 ; 6       ;
;      - multiplicador_4bits:mult|AND21                                   ; 0                 ; 6       ;
;      - somador_4bits:soma|somador_1bit:somador3|Or0~0                   ; 0                 ; 6       ;
;      - multiplicador_4bits:mult|AND22                                   ; 0                 ; 6       ;
;      - multiplicador_4bits:mult|AND23                                   ; 0                 ; 6       ;
;      - multiplicador_4bits:mult|somador_1bit:S4a|Or0~0                  ; 0                 ; 6       ;
;      - muxflag:mf|or1~2                                                 ; 0                 ; 6       ;
;      - muxflag:mf|or1~11                                                ; 0                 ; 6       ;
;      - subtrator_4bits:sub|subtrator_1bit:subtrator4|Xor1               ; 0                 ; 6       ;
; A1                                                                      ;                   ;         ;
;      - divisor:div|subtrator_4bits:sub2|subtrator_1bit:subtrator2|Or0~0 ; 0                 ; 6       ;
;      - divisor:div|subtrator_4bits:sub2|subtrator_1bit:subtrator1|And0  ; 0                 ; 6       ;
;      - multiplicador_4bits:mult|somador_1bit:S1|Xor0                    ; 0                 ; 6       ;
;      - multiplexador_8bits:mux_principal|multiplexador_1bit:mux1|Or0~3  ; 0                 ; 6       ;
;      - multiplexador_8bits:mux_principal|multiplexador_1bit:mux1|Or0~5  ; 0                 ; 6       ;
;      - AND_4bits:porta_and|PortaAnd:And2|And0                           ; 0                 ; 6       ;
;      - multiplicador_4bits:mult|somador_1bit:S1|And0                    ; 0                 ; 6       ;
;      - subtrator_4bits:sub|subtrator_1bit:subtrator3|Xor1               ; 0                 ; 6       ;
;      - somador_4bits:soma|somador_1bit:somador3|Xor1                    ; 0                 ; 6       ;
;      - subtrator_4bits:sub|subtrator_1bit:subtrator2|Or0~0              ; 0                 ; 6       ;
;      - multiplicador_4bits:mult|AND12                                   ; 0                 ; 6       ;
;      - multiplicador_4bits:mult|somador_1bit:S2a|Or0~0                  ; 0                 ; 6       ;
;      - somador_4bits:soma|somador_1bit:somador2|Or0~0                   ; 0                 ; 6       ;
;      - multiplicador_4bits:mult|AND13                                   ; 0                 ; 6       ;
;      - muxflag:mf|or1~2                                                 ; 0                 ; 6       ;
;      - muxflag:mf|or1~11                                                ; 0                 ; 6       ;
;      - muxflag:mf|or1~13                                                ; 0                 ; 6       ;
;      - muxflag:mf|or1~14                                                ; 0                 ; 6       ;
;      - divisor:div|subtrator_4bits:sub3|subtrator_1bit:subtrator3|Or0~0 ; 0                 ; 6       ;
+-------------------------------------------------------------------------+-------------------+---------+


+-------------------------------------------------+
; Routing Usage Summary                           ;
+-----------------------+-------------------------+
; Routing Resource Type ; Usage                   ;
+-----------------------+-------------------------+
; Block interconnects   ; 294 / 148,641 ( < 1 % ) ;
; C16 interconnects     ; 24 / 5,382 ( < 1 % )    ;
; C4 interconnects      ; 166 / 106,704 ( < 1 % ) ;
; Direct links          ; 38 / 148,641 ( < 1 % )  ;
; Global clocks         ; 0 / 20 ( 0 % )          ;
; Local interconnects   ; 153 / 49,760 ( < 1 % )  ;
; NSLEEPs               ; 0 / 500 ( 0 % )         ;
; R24 interconnects     ; 8 / 5,406 ( < 1 % )     ;
; R4 interconnects      ; 121 / 147,764 ( < 1 % ) ;
+-----------------------+-------------------------+


+----------------------------------------------------------------------------+
; LAB Logic Elements                                                         ;
+---------------------------------------------+------------------------------+
; Number of Logic Elements  (Average = 12.63) ; Number of LABs  (Total = 19) ;
+---------------------------------------------+------------------------------+
; 1                                           ; 2                            ;
; 2                                           ; 0                            ;
; 3                                           ; 1                            ;
; 4                                           ; 1                            ;
; 5                                           ; 0                            ;
; 6                                           ; 0                            ;
; 7                                           ; 0                            ;
; 8                                           ; 1                            ;
; 9                                           ; 0                            ;
; 10                                          ; 0                            ;
; 11                                          ; 0                            ;
; 12                                          ; 0                            ;
; 13                                          ; 0                            ;
; 14                                          ; 0                            ;
; 15                                          ; 1                            ;
; 16                                          ; 13                           ;
+---------------------------------------------+------------------------------+


+-----------------------------------------------------------------------------+
; LAB Signals Sourced                                                         ;
+----------------------------------------------+------------------------------+
; Number of Signals Sourced  (Average = 12.63) ; Number of LABs  (Total = 19) ;
+----------------------------------------------+------------------------------+
; 0                                            ; 0                            ;
; 1                                            ; 2                            ;
; 2                                            ; 0                            ;
; 3                                            ; 1                            ;
; 4                                            ; 1                            ;
; 5                                            ; 0                            ;
; 6                                            ; 0                            ;
; 7                                            ; 0                            ;
; 8                                            ; 1                            ;
; 9                                            ; 0                            ;
; 10                                           ; 0                            ;
; 11                                           ; 0                            ;
; 12                                           ; 0                            ;
; 13                                           ; 0                            ;
; 14                                           ; 0                            ;
; 15                                           ; 1                            ;
; 16                                           ; 13                           ;
+----------------------------------------------+------------------------------+


+--------------------------------------------------------------------------------+
; LAB Signals Sourced Out                                                        ;
+-------------------------------------------------+------------------------------+
; Number of Signals Sourced Out  (Average = 5.21) ; Number of LABs  (Total = 19) ;
+-------------------------------------------------+------------------------------+
; 0                                               ; 0                            ;
; 1                                               ; 2                            ;
; 2                                               ; 1                            ;
; 3                                               ; 0                            ;
; 4                                               ; 4                            ;
; 5                                               ; 5                            ;
; 6                                               ; 2                            ;
; 7                                               ; 2                            ;
; 8                                               ; 1                            ;
; 9                                               ; 1                            ;
; 10                                              ; 0                            ;
; 11                                              ; 1                            ;
+-------------------------------------------------+------------------------------+


+-----------------------------------------------------------------------------+
; LAB Distinct Inputs                                                         ;
+----------------------------------------------+------------------------------+
; Number of Distinct Inputs  (Average = 11.95) ; Number of LABs  (Total = 19) ;
+----------------------------------------------+------------------------------+
; 0                                            ; 0                            ;
; 1                                            ; 0                            ;
; 2                                            ; 1                            ;
; 3                                            ; 0                            ;
; 4                                            ; 0                            ;
; 5                                            ; 0                            ;
; 6                                            ; 0                            ;
; 7                                            ; 0                            ;
; 8                                            ; 2                            ;
; 9                                            ; 1                            ;
; 10                                           ; 0                            ;
; 11                                           ; 4                            ;
; 12                                           ; 1                            ;
; 13                                           ; 2                            ;
; 14                                           ; 2                            ;
; 15                                           ; 1                            ;
; 16                                           ; 0                            ;
; 17                                           ; 1                            ;
; 18                                           ; 2                            ;
; 19                                           ; 0                            ;
; 20                                           ; 0                            ;
; 21                                           ; 0                            ;
; 22                                           ; 1                            ;
+----------------------------------------------+------------------------------+


+------------------------------------------+
; I/O Rules Summary                        ;
+----------------------------------+-------+
; I/O Rules Statistic              ; Total ;
+----------------------------------+-------+
; Total I/O Rules                  ; 30    ;
; Number of I/O Rules Passed       ; 9     ;
; Number of I/O Rules Failed       ; 0     ;
; Number of I/O Rules Unchecked    ; 0     ;
; Number of I/O Rules Inapplicable ; 21    ;
+----------------------------------+-------+


+-----------------------------------------------------------------------------------------------------------------------------------------------------------------------------------------------------------------------------------------------------------------------------------------------------+
; I/O Rules Details                                                                                                                                                                                                                                                                                   ;
+--------------+-----------+-----------------------------------+------------------------------------------------------------------------------------------------------+----------+--------------------------------------------------------------------------+---------------------+-------------------+
; Status       ; ID        ; Category                          ; Rule Description                                                                                     ; Severity ; Information                                                              ; Area                ; Extra Information ;
+--------------+-----------+-----------------------------------+------------------------------------------------------------------------------------------------------+----------+--------------------------------------------------------------------------+---------------------+-------------------+
; Inapplicable ; IO_000001 ; Capacity Checks                   ; Number of pins in an I/O bank should not exceed the number of locations available.                   ; Critical ; No Location assignments found.                                           ; I/O                 ;                   ;
; Inapplicable ; IO_000002 ; Capacity Checks                   ; Number of clocks in an I/O bank should not exceed the number of clocks available.                    ; Critical ; No Global Signal assignments found.                                      ; I/O                 ;                   ;
; Inapplicable ; IO_000003 ; Capacity Checks                   ; Number of pins in a Vrefgroup should not exceed the number of locations available.                   ; Critical ; No Location assignments found.                                           ; I/O                 ;                   ;
; Inapplicable ; IO_000004 ; Voltage Compatibility Checks      ; The I/O bank should support the requested VCCIO.                                                     ; Critical ; No IOBANK_VCCIO assignments found.                                       ; I/O                 ;                   ;
; Inapplicable ; IO_000005 ; Voltage Compatibility Checks      ; The I/O bank should not have competing VREF values.                                                  ; Critical ; No VREF I/O Standard assignments found.                                  ; I/O                 ;                   ;
; Pass         ; IO_000006 ; Voltage Compatibility Checks      ; The I/O bank should not have competing VCCIO values.                                                 ; Critical ; 0 such failures found.                                                   ; I/O                 ;                   ;
; Inapplicable ; IO_000007 ; Valid Location Checks             ; Checks for unavailable locations.                                                                    ; Critical ; No Location assignments found.                                           ; I/O                 ;                   ;
; Inapplicable ; IO_000008 ; Valid Location Checks             ; Checks for reserved locations.                                                                       ; Critical ; No reserved LogicLock region found.                                      ; I/O                 ;                   ;
; Pass         ; IO_000009 ; I/O Properties Checks for One I/O ; The location should support the requested I/O standard.                                              ; Critical ; 0 such failures found.                                                   ; I/O                 ;                   ;
; Pass         ; IO_000010 ; I/O Properties Checks for One I/O ; The location should support the requested I/O direction.                                             ; Critical ; 0 such failures found.                                                   ; I/O                 ;                   ;
; Inapplicable ; IO_000011 ; I/O Properties Checks for One I/O ; The location should support the requested Current Strength.                                          ; Critical ; No Current Strength assignments found.                                   ; I/O                 ;                   ;
; Pass         ; IO_000012 ; I/O Properties Checks for One I/O ; The location should support the requested On Chip Termination value.                                 ; Critical ; 0 such failures found.                                                   ; I/O                 ;                   ;
; Inapplicable ; IO_000013 ; I/O Properties Checks for One I/O ; The location should support the requested Bus Hold value.                                            ; Critical ; No Enable Bus-Hold Circuitry assignments found.                          ; I/O                 ;                   ;
; Inapplicable ; IO_000014 ; I/O Properties Checks for One I/O ; The location should support the requested Weak Pull Up value.                                        ; Critical ; No Weak Pull-Up Resistor assignments found.                              ; I/O                 ;                   ;
; Pass         ; IO_000015 ; I/O Properties Checks for One I/O ; The location should support the requested PCI Clamp Diode.                                           ; Critical ; 0 such failures found.                                                   ; I/O                 ;                   ;
; Inapplicable ; IO_000018 ; I/O Properties Checks for One I/O ; The I/O standard should support the requested Current Strength.                                      ; Critical ; No Current Strength assignments found.                                   ; I/O                 ;                   ;
; Pass         ; IO_000019 ; I/O Properties Checks for One I/O ; The I/O standard should support the requested On Chip Termination value.                             ; Critical ; 0 such failures found.                                                   ; I/O                 ;                   ;
; Pass         ; IO_000020 ; I/O Properties Checks for One I/O ; The I/O standard should support the requested PCI Clamp Diode.                                       ; Critical ; 0 such failures found.                                                   ; I/O                 ;                   ;
; Inapplicable ; IO_000021 ; I/O Properties Checks for One I/O ; The I/O standard should support the requested Weak Pull Up value.                                    ; Critical ; No Weak Pull-Up Resistor assignments found.                              ; I/O                 ;                   ;
; Inapplicable ; IO_000022 ; I/O Properties Checks for One I/O ; The I/O standard should support the requested Bus Hold value.                                        ; Critical ; No Enable Bus-Hold Circuitry assignments found.                          ; I/O                 ;                   ;
; Inapplicable ; IO_000023 ; I/O Properties Checks for One I/O ; The I/O standard should support the Open Drain value.                                                ; Critical ; No open drain assignments found.                                         ; I/O                 ;                   ;
; Pass         ; IO_000024 ; I/O Properties Checks for One I/O ; The I/O direction should support the On Chip Termination value.                                      ; Critical ; 0 such failures found.                                                   ; I/O                 ;                   ;
; Inapplicable ; IO_000026 ; I/O Properties Checks for One I/O ; On Chip Termination and Current Strength should not be used at the same time.                        ; Critical ; No Current Strength assignments found.                                   ; I/O                 ;                   ;
; Inapplicable ; IO_000027 ; I/O Properties Checks for One I/O ; Weak Pull Up and Bus Hold should not be used at the same time.                                       ; Critical ; No Enable Bus-Hold Circuitry or Weak Pull-Up Resistor assignments found. ; I/O                 ;                   ;
; Inapplicable ; IO_000045 ; I/O Properties Checks for One I/O ; The I/O standard should support the requested Slew Rate value.                                       ; Critical ; No Slew Rate assignments found.                                          ; I/O                 ;                   ;
; Inapplicable ; IO_000046 ; I/O Properties Checks for One I/O ; The location should support the requested Slew Rate value.                                           ; Critical ; No Slew Rate assignments found.                                          ; I/O                 ;                   ;
; Inapplicable ; IO_000047 ; I/O Properties Checks for One I/O ; On Chip Termination and Slew Rate should not be used at the same time.                               ; Critical ; No Slew Rate assignments found.                                          ; I/O                 ;                   ;
; Pass         ; IO_000033 ; Electromigration Checks           ; Current density for consecutive I/Os should not exceed 160mA for row I/Os and 160mA for column I/Os. ; Critical ; 0 such failures found.                                                   ; I/O                 ;                   ;
; Inapplicable ; IO_000034 ; SI Related Distance Checks        ; Single-ended outputs should be 5 LAB row(s) away from a differential I/O.                            ; High     ; No Differential I/O Standard assignments found.                          ; I/O                 ;                   ;
; Inapplicable ; IO_000042 ; SI Related SSO Limit Checks       ; No more than 20 outputs are allowed in a VREF group when VREF is being read from.                    ; High     ; No VREF I/O Standard assignments found.                                  ; I/O                 ;                   ;
; ----         ; ----      ; Disclaimer                        ; OCT rules are checked but not reported.                                                              ; None     ; ----                                                                     ; On Chip Termination ;                   ;
+--------------+-----------+-----------------------------------+------------------------------------------------------------------------------------------------------+----------+--------------------------------------------------------------------------+---------------------+-------------------+


+--------------------------------------------------------------------------------------------------------------------------------------------------------------------------------------------------------------------------------------------------------------------------------------------------------------------------------------------------------------------------------------------------------------------------------------------------------------------------+
; I/O Rules Matrix                                                                                                                                                                                                                                                                                                                                                                                                                                                         ;
+--------------------+--------------+--------------+--------------+--------------+--------------+-----------+--------------+--------------+-----------+-----------+--------------+--------------+--------------+--------------+--------------+--------------+--------------+--------------+--------------+--------------+--------------+--------------+--------------+--------------+--------------+--------------+--------------+-----------+--------------+--------------+
; Pin/Rules          ; IO_000001    ; IO_000002    ; IO_000003    ; IO_000004    ; IO_000005    ; IO_000006 ; IO_000007    ; IO_000008    ; IO_000009 ; IO_000010 ; IO_000011    ; IO_000012    ; IO_000013    ; IO_000014    ; IO_000015    ; IO_000018    ; IO_000019    ; IO_000020    ; IO_000021    ; IO_000022    ; IO_000023    ; IO_000024    ; IO_000026    ; IO_000027    ; IO_000045    ; IO_000046    ; IO_000047    ; IO_000033 ; IO_000034    ; IO_000042    ;
+--------------------+--------------+--------------+--------------+--------------+--------------+-----------+--------------+--------------+-----------+-----------+--------------+--------------+--------------+--------------+--------------+--------------+--------------+--------------+--------------+--------------+--------------+--------------+--------------+--------------+--------------+--------------+--------------+-----------+--------------+--------------+
; Total Pass         ; 0            ; 0            ; 0            ; 0            ; 0            ; 36        ; 0            ; 0            ; 36        ; 36        ; 0            ; 24           ; 0            ; 0            ; 12           ; 0            ; 24           ; 12           ; 0            ; 0            ; 0            ; 24           ; 0            ; 0            ; 0            ; 0            ; 0            ; 36        ; 0            ; 0            ;
; Total Unchecked    ; 0            ; 0            ; 0            ; 0            ; 0            ; 0         ; 0            ; 0            ; 0         ; 0         ; 0            ; 0            ; 0            ; 0            ; 0            ; 0            ; 0            ; 0            ; 0            ; 0            ; 0            ; 0            ; 0            ; 0            ; 0            ; 0            ; 0            ; 0         ; 0            ; 0            ;
; Total Inapplicable ; 36           ; 36           ; 36           ; 36           ; 36           ; 0         ; 36           ; 36           ; 0         ; 0         ; 36           ; 12           ; 36           ; 36           ; 24           ; 36           ; 12           ; 24           ; 36           ; 36           ; 36           ; 12           ; 36           ; 36           ; 36           ; 36           ; 36           ; 0         ; 36           ; 36           ;
; Total Fail         ; 0            ; 0            ; 0            ; 0            ; 0            ; 0         ; 0            ; 0            ; 0         ; 0         ; 0            ; 0            ; 0            ; 0            ; 0            ; 0            ; 0            ; 0            ; 0            ; 0            ; 0            ; 0            ; 0            ; 0            ; 0            ; 0            ; 0            ; 0         ; 0            ; 0            ;
; R0                 ; Inapplicable ; Inapplicable ; Inapplicable ; Inapplicable ; Inapplicable ; Pass      ; Inapplicable ; Inapplicable ; Pass      ; Pass      ; Inapplicable ; Pass         ; Inapplicable ; Inapplicable ; Inapplicable ; Inapplicable ; Pass         ; Inapplicable ; Inapplicable ; Inapplicable ; Inapplicable ; Pass         ; Inapplicable ; Inapplicable ; Inapplicable ; Inapplicable ; Inapplicable ; Pass      ; Inapplicable ; Inapplicable ;
; R1                 ; Inapplicable ; Inapplicable ; Inapplicable ; Inapplicable ; Inapplicable ; Pass      ; Inapplicable ; Inapplicable ; Pass      ; Pass      ; Inapplicable ; Pass         ; Inapplicable ; Inapplicable ; Inapplicable ; Inapplicable ; Pass         ; Inapplicable ; Inapplicable ; Inapplicable ; Inapplicable ; Pass         ; Inapplicable ; Inapplicable ; Inapplicable ; Inapplicable ; Inapplicable ; Pass      ; Inapplicable ; Inapplicable ;
; R2                 ; Inapplicable ; Inapplicable ; Inapplicable ; Inapplicable ; Inapplicable ; Pass      ; Inapplicable ; Inapplicable ; Pass      ; Pass      ; Inapplicable ; Pass         ; Inapplicable ; Inapplicable ; Inapplicable ; Inapplicable ; Pass         ; Inapplicable ; Inapplicable ; Inapplicable ; Inapplicable ; Pass         ; Inapplicable ; Inapplicable ; Inapplicable ; Inapplicable ; Inapplicable ; Pass      ; Inapplicable ; Inapplicable ;
; R3                 ; Inapplicable ; Inapplicable ; Inapplicable ; Inapplicable ; Inapplicable ; Pass      ; Inapplicable ; Inapplicable ; Pass      ; Pass      ; Inapplicable ; Pass         ; Inapplicable ; Inapplicable ; Inapplicable ; Inapplicable ; Pass         ; Inapplicable ; Inapplicable ; Inapplicable ; Inapplicable ; Pass         ; Inapplicable ; Inapplicable ; Inapplicable ; Inapplicable ; Inapplicable ; Pass      ; Inapplicable ; Inapplicable ;
; R4                 ; Inapplicable ; Inapplicable ; Inapplicable ; Inapplicable ; Inapplicable ; Pass      ; Inapplicable ; Inapplicable ; Pass      ; Pass      ; Inapplicable ; Pass         ; Inapplicable ; Inapplicable ; Inapplicable ; Inapplicable ; Pass         ; Inapplicable ; Inapplicable ; Inapplicable ; Inapplicable ; Pass         ; Inapplicable ; Inapplicable ; Inapplicable ; Inapplicable ; Inapplicable ; Pass      ; Inapplicable ; Inapplicable ;
; R5                 ; Inapplicable ; Inapplicable ; Inapplicable ; Inapplicable ; Inapplicable ; Pass      ; Inapplicable ; Inapplicable ; Pass      ; Pass      ; Inapplicable ; Pass         ; Inapplicable ; Inapplicable ; Inapplicable ; Inapplicable ; Pass         ; Inapplicable ; Inapplicable ; Inapplicable ; Inapplicable ; Pass         ; Inapplicable ; Inapplicable ; Inapplicable ; Inapplicable ; Inapplicable ; Pass      ; Inapplicable ; Inapplicable ;
; R6                 ; Inapplicable ; Inapplicable ; Inapplicable ; Inapplicable ; Inapplicable ; Pass      ; Inapplicable ; Inapplicable ; Pass      ; Pass      ; Inapplicable ; Pass         ; Inapplicable ; Inapplicable ; Inapplicable ; Inapplicable ; Pass         ; Inapplicable ; Inapplicable ; Inapplicable ; Inapplicable ; Pass         ; Inapplicable ; Inapplicable ; Inapplicable ; Inapplicable ; Inapplicable ; Pass      ; Inapplicable ; Inapplicable ;
; R7                 ; Inapplicable ; Inapplicable ; Inapplicable ; Inapplicable ; Inapplicable ; Pass      ; Inapplicable ; Inapplicable ; Pass      ; Pass      ; Inapplicable ; Pass         ; Inapplicable ; Inapplicable ; Inapplicable ; Inapplicable ; Pass         ; Inapplicable ; Inapplicable ; Inapplicable ; Inapplicable ; Pass         ; Inapplicable ; Inapplicable ; Inapplicable ; Inapplicable ; Inapplicable ; Pass      ; Inapplicable ; Inapplicable ;
; a0                 ; Inapplicable ; Inapplicable ; Inapplicable ; Inapplicable ; Inapplicable ; Pass      ; Inapplicable ; Inapplicable ; Pass      ; Pass      ; Inapplicable ; Pass         ; Inapplicable ; Inapplicable ; Inapplicable ; Inapplicable ; Pass         ; Inapplicable ; Inapplicable ; Inapplicable ; Inapplicable ; Pass         ; Inapplicable ; Inapplicable ; Inapplicable ; Inapplicable ; Inapplicable ; Pass      ; Inapplicable ; Inapplicable ;
; a1                 ; Inapplicable ; Inapplicable ; Inapplicable ; Inapplicable ; Inapplicable ; Pass      ; Inapplicable ; Inapplicable ; Pass      ; Pass      ; Inapplicable ; Pass         ; Inapplicable ; Inapplicable ; Inapplicable ; Inapplicable ; Pass         ; Inapplicable ; Inapplicable ; Inapplicable ; Inapplicable ; Pass         ; Inapplicable ; Inapplicable ; Inapplicable ; Inapplicable ; Inapplicable ; Pass      ; Inapplicable ; Inapplicable ;
; b0                 ; Inapplicable ; Inapplicable ; Inapplicable ; Inapplicable ; Inapplicable ; Pass      ; Inapplicable ; Inapplicable ; Pass      ; Pass      ; Inapplicable ; Pass         ; Inapplicable ; Inapplicable ; Inapplicable ; Inapplicable ; Pass         ; Inapplicable ; Inapplicable ; Inapplicable ; Inapplicable ; Pass         ; Inapplicable ; Inapplicable ; Inapplicable ; Inapplicable ; Inapplicable ; Pass      ; Inapplicable ; Inapplicable ;
; b1                 ; Inapplicable ; Inapplicable ; Inapplicable ; Inapplicable ; Inapplicable ; Pass      ; Inapplicable ; Inapplicable ; Pass      ; Pass      ; Inapplicable ; Pass         ; Inapplicable ; Inapplicable ; Inapplicable ; Inapplicable ; Pass         ; Inapplicable ; Inapplicable ; Inapplicable ; Inapplicable ; Pass         ; Inapplicable ; Inapplicable ; Inapplicable ; Inapplicable ; Inapplicable ; Pass      ; Inapplicable ; Inapplicable ;
; c0                 ; Inapplicable ; Inapplicable ; Inapplicable ; Inapplicable ; Inapplicable ; Pass      ; Inapplicable ; Inapplicable ; Pass      ; Pass      ; Inapplicable ; Pass         ; Inapplicable ; Inapplicable ; Inapplicable ; Inapplicable ; Pass         ; Inapplicable ; Inapplicable ; Inapplicable ; Inapplicable ; Pass         ; Inapplicable ; Inapplicable ; Inapplicable ; Inapplicable ; Inapplicable ; Pass      ; Inapplicable ; Inapplicable ;
; c1                 ; Inapplicable ; Inapplicable ; Inapplicable ; Inapplicable ; Inapplicable ; Pass      ; Inapplicable ; Inapplicable ; Pass      ; Pass      ; Inapplicable ; Pass         ; Inapplicable ; Inapplicable ; Inapplicable ; Inapplicable ; Pass         ; Inapplicable ; Inapplicable ; Inapplicable ; Inapplicable ; Pass         ; Inapplicable ; Inapplicable ; Inapplicable ; Inapplicable ; Inapplicable ; Pass      ; Inapplicable ; Inapplicable ;
; d0                 ; Inapplicable ; Inapplicable ; Inapplicable ; Inapplicable ; Inapplicable ; Pass      ; Inapplicable ; Inapplicable ; Pass      ; Pass      ; Inapplicable ; Pass         ; Inapplicable ; Inapplicable ; Inapplicable ; Inapplicable ; Pass         ; Inapplicable ; Inapplicable ; Inapplicable ; Inapplicable ; Pass         ; Inapplicable ; Inapplicable ; Inapplicable ; Inapplicable ; Inapplicable ; Pass      ; Inapplicable ; Inapplicable ;
; d1                 ; Inapplicable ; Inapplicable ; Inapplicable ; Inapplicable ; Inapplicable ; Pass      ; Inapplicable ; Inapplicable ; Pass      ; Pass      ; Inapplicable ; Pass         ; Inapplicable ; Inapplicable ; Inapplicable ; Inapplicable ; Pass         ; Inapplicable ; Inapplicable ; Inapplicable ; Inapplicable ; Pass         ; Inapplicable ; Inapplicable ; Inapplicable ; Inapplicable ; Inapplicable ; Pass      ; Inapplicable ; Inapplicable ;
; e0                 ; Inapplicable ; Inapplicable ; Inapplicable ; Inapplicable ; Inapplicable ; Pass      ; Inapplicable ; Inapplicable ; Pass      ; Pass      ; Inapplicable ; Pass         ; Inapplicable ; Inapplicable ; Inapplicable ; Inapplicable ; Pass         ; Inapplicable ; Inapplicable ; Inapplicable ; Inapplicable ; Pass         ; Inapplicable ; Inapplicable ; Inapplicable ; Inapplicable ; Inapplicable ; Pass      ; Inapplicable ; Inapplicable ;
; e1                 ; Inapplicable ; Inapplicable ; Inapplicable ; Inapplicable ; Inapplicable ; Pass      ; Inapplicable ; Inapplicable ; Pass      ; Pass      ; Inapplicable ; Pass         ; Inapplicable ; Inapplicable ; Inapplicable ; Inapplicable ; Pass         ; Inapplicable ; Inapplicable ; Inapplicable ; Inapplicable ; Pass         ; Inapplicable ; Inapplicable ; Inapplicable ; Inapplicable ; Inapplicable ; Pass      ; Inapplicable ; Inapplicable ;
; f0                 ; Inapplicable ; Inapplicable ; Inapplicable ; Inapplicable ; Inapplicable ; Pass      ; Inapplicable ; Inapplicable ; Pass      ; Pass      ; Inapplicable ; Pass         ; Inapplicable ; Inapplicable ; Inapplicable ; Inapplicable ; Pass         ; Inapplicable ; Inapplicable ; Inapplicable ; Inapplicable ; Pass         ; Inapplicable ; Inapplicable ; Inapplicable ; Inapplicable ; Inapplicable ; Pass      ; Inapplicable ; Inapplicable ;
; f1                 ; Inapplicable ; Inapplicable ; Inapplicable ; Inapplicable ; Inapplicable ; Pass      ; Inapplicable ; Inapplicable ; Pass      ; Pass      ; Inapplicable ; Pass         ; Inapplicable ; Inapplicable ; Inapplicable ; Inapplicable ; Pass         ; Inapplicable ; Inapplicable ; Inapplicable ; Inapplicable ; Pass         ; Inapplicable ; Inapplicable ; Inapplicable ; Inapplicable ; Inapplicable ; Pass      ; Inapplicable ; Inapplicable ;
; g0                 ; Inapplicable ; Inapplicable ; Inapplicable ; Inapplicable ; Inapplicable ; Pass      ; Inapplicable ; Inapplicable ; Pass      ; Pass      ; Inapplicable ; Pass         ; Inapplicable ; Inapplicable ; Inapplicable ; Inapplicable ; Pass         ; Inapplicable ; Inapplicable ; Inapplicable ; Inapplicable ; Pass         ; Inapplicable ; Inapplicable ; Inapplicable ; Inapplicable ; Inapplicable ; Pass      ; Inapplicable ; Inapplicable ;
; g1                 ; Inapplicable ; Inapplicable ; Inapplicable ; Inapplicable ; Inapplicable ; Pass      ; Inapplicable ; Inapplicable ; Pass      ; Pass      ; Inapplicable ; Pass         ; Inapplicable ; Inapplicable ; Inapplicable ; Inapplicable ; Pass         ; Inapplicable ; Inapplicable ; Inapplicable ; Inapplicable ; Pass         ; Inapplicable ; Inapplicable ; Inapplicable ; Inapplicable ; Inapplicable ; Pass      ; Inapplicable ; Inapplicable ;
; led1               ; Inapplicable ; Inapplicable ; Inapplicable ; Inapplicable ; Inapplicable ; Pass      ; Inapplicable ; Inapplicable ; Pass      ; Pass      ; Inapplicable ; Pass         ; Inapplicable ; Inapplicable ; Inapplicable ; Inapplicable ; Pass         ; Inapplicable ; Inapplicable ; Inapplicable ; Inapplicable ; Pass         ; Inapplicable ; Inapplicable ; Inapplicable ; Inapplicable ; Inapplicable ; Pass      ; Inapplicable ; Inapplicable ;
; led2               ; Inapplicable ; Inapplicable ; Inapplicable ; Inapplicable ; Inapplicable ; Pass      ; Inapplicable ; Inapplicable ; Pass      ; Pass      ; Inapplicable ; Pass         ; Inapplicable ; Inapplicable ; Inapplicable ; Inapplicable ; Pass         ; Inapplicable ; Inapplicable ; Inapplicable ; Inapplicable ; Pass         ; Inapplicable ; Inapplicable ; Inapplicable ; Inapplicable ; Inapplicable ; Pass      ; Inapplicable ; Inapplicable ;
; E2                 ; Inapplicable ; Inapplicable ; Inapplicable ; Inapplicable ; Inapplicable ; Pass      ; Inapplicable ; Inapplicable ; Pass      ; Pass      ; Inapplicable ; Inapplicable ; Inapplicable ; Inapplicable ; Pass         ; Inapplicable ; Inapplicable ; Pass         ; Inapplicable ; Inapplicable ; Inapplicable ; Inapplicable ; Inapplicable ; Inapplicable ; Inapplicable ; Inapplicable ; Inapplicable ; Pass      ; Inapplicable ; Inapplicable ;
; B0                 ; Inapplicable ; Inapplicable ; Inapplicable ; Inapplicable ; Inapplicable ; Pass      ; Inapplicable ; Inapplicable ; Pass      ; Pass      ; Inapplicable ; Inapplicable ; Inapplicable ; Inapplicable ; Pass         ; Inapplicable ; Inapplicable ; Pass         ; Inapplicable ; Inapplicable ; Inapplicable ; Inapplicable ; Inapplicable ; Inapplicable ; Inapplicable ; Inapplicable ; Inapplicable ; Pass      ; Inapplicable ; Inapplicable ;
; A0                 ; Inapplicable ; Inapplicable ; Inapplicable ; Inapplicable ; Inapplicable ; Pass      ; Inapplicable ; Inapplicable ; Pass      ; Pass      ; Inapplicable ; Inapplicable ; Inapplicable ; Inapplicable ; Pass         ; Inapplicable ; Inapplicable ; Pass         ; Inapplicable ; Inapplicable ; Inapplicable ; Inapplicable ; Inapplicable ; Inapplicable ; Inapplicable ; Inapplicable ; Inapplicable ; Pass      ; Inapplicable ; Inapplicable ;
; E0                 ; Inapplicable ; Inapplicable ; Inapplicable ; Inapplicable ; Inapplicable ; Pass      ; Inapplicable ; Inapplicable ; Pass      ; Pass      ; Inapplicable ; Inapplicable ; Inapplicable ; Inapplicable ; Pass         ; Inapplicable ; Inapplicable ; Pass         ; Inapplicable ; Inapplicable ; Inapplicable ; Inapplicable ; Inapplicable ; Inapplicable ; Inapplicable ; Inapplicable ; Inapplicable ; Pass      ; Inapplicable ; Inapplicable ;
; Cin                ; Inapplicable ; Inapplicable ; Inapplicable ; Inapplicable ; Inapplicable ; Pass      ; Inapplicable ; Inapplicable ; Pass      ; Pass      ; Inapplicable ; Inapplicable ; Inapplicable ; Inapplicable ; Pass         ; Inapplicable ; Inapplicable ; Pass         ; Inapplicable ; Inapplicable ; Inapplicable ; Inapplicable ; Inapplicable ; Inapplicable ; Inapplicable ; Inapplicable ; Inapplicable ; Pass      ; Inapplicable ; Inapplicable ;
; E1                 ; Inapplicable ; Inapplicable ; Inapplicable ; Inapplicable ; Inapplicable ; Pass      ; Inapplicable ; Inapplicable ; Pass      ; Pass      ; Inapplicable ; Inapplicable ; Inapplicable ; Inapplicable ; Pass         ; Inapplicable ; Inapplicable ; Pass         ; Inapplicable ; Inapplicable ; Inapplicable ; Inapplicable ; Inapplicable ; Inapplicable ; Inapplicable ; Inapplicable ; Inapplicable ; Pass      ; Inapplicable ; Inapplicable ;
; B3                 ; Inapplicable ; Inapplicable ; Inapplicable ; Inapplicable ; Inapplicable ; Pass      ; Inapplicable ; Inapplicable ; Pass      ; Pass      ; Inapplicable ; Inapplicable ; Inapplicable ; Inapplicable ; Pass         ; Inapplicable ; Inapplicable ; Pass         ; Inapplicable ; Inapplicable ; Inapplicable ; Inapplicable ; Inapplicable ; Inapplicable ; Inapplicable ; Inapplicable ; Inapplicable ; Pass      ; Inapplicable ; Inapplicable ;
; B2                 ; Inapplicable ; Inapplicable ; Inapplicable ; Inapplicable ; Inapplicable ; Pass      ; Inapplicable ; Inapplicable ; Pass      ; Pass      ; Inapplicable ; Inapplicable ; Inapplicable ; Inapplicable ; Pass         ; Inapplicable ; Inapplicable ; Pass         ; Inapplicable ; Inapplicable ; Inapplicable ; Inapplicable ; Inapplicable ; Inapplicable ; Inapplicable ; Inapplicable ; Inapplicable ; Pass      ; Inapplicable ; Inapplicable ;
; B1                 ; Inapplicable ; Inapplicable ; Inapplicable ; Inapplicable ; Inapplicable ; Pass      ; Inapplicable ; Inapplicable ; Pass      ; Pass      ; Inapplicable ; Inapplicable ; Inapplicable ; Inapplicable ; Pass         ; Inapplicable ; Inapplicable ; Pass         ; Inapplicable ; Inapplicable ; Inapplicable ; Inapplicable ; Inapplicable ; Inapplicable ; Inapplicable ; Inapplicable ; Inapplicable ; Pass      ; Inapplicable ; Inapplicable ;
; A3                 ; Inapplicable ; Inapplicable ; Inapplicable ; Inapplicable ; Inapplicable ; Pass      ; Inapplicable ; Inapplicable ; Pass      ; Pass      ; Inapplicable ; Inapplicable ; Inapplicable ; Inapplicable ; Pass         ; Inapplicable ; Inapplicable ; Pass         ; Inapplicable ; Inapplicable ; Inapplicable ; Inapplicable ; Inapplicable ; Inapplicable ; Inapplicable ; Inapplicable ; Inapplicable ; Pass      ; Inapplicable ; Inapplicable ;
; A2                 ; Inapplicable ; Inapplicable ; Inapplicable ; Inapplicable ; Inapplicable ; Pass      ; Inapplicable ; Inapplicable ; Pass      ; Pass      ; Inapplicable ; Inapplicable ; Inapplicable ; Inapplicable ; Pass         ; Inapplicable ; Inapplicable ; Pass         ; Inapplicable ; Inapplicable ; Inapplicable ; Inapplicable ; Inapplicable ; Inapplicable ; Inapplicable ; Inapplicable ; Inapplicable ; Pass      ; Inapplicable ; Inapplicable ;
; A1                 ; Inapplicable ; Inapplicable ; Inapplicable ; Inapplicable ; Inapplicable ; Pass      ; Inapplicable ; Inapplicable ; Pass      ; Pass      ; Inapplicable ; Inapplicable ; Inapplicable ; Inapplicable ; Pass         ; Inapplicable ; Inapplicable ; Pass         ; Inapplicable ; Inapplicable ; Inapplicable ; Inapplicable ; Inapplicable ; Inapplicable ; Inapplicable ; Inapplicable ; Inapplicable ; Pass      ; Inapplicable ; Inapplicable ;
+--------------------+--------------+--------------+--------------+--------------+--------------+-----------+--------------+--------------+-----------+-----------+--------------+--------------+--------------+--------------+--------------+--------------+--------------+--------------+--------------+--------------+--------------+--------------+--------------+--------------+--------------+--------------+--------------+-----------+--------------+--------------+


+-------------------------------------------------------------------------------------------+
; Fitter Device Options                                                                     ;
+------------------------------------------------------------------+------------------------+
; Option                                                           ; Setting                ;
+------------------------------------------------------------------+------------------------+
; Enable user-supplied start-up clock (CLKUSR)                     ; Off                    ;
; Enable device-wide reset (DEV_CLRn)                              ; Off                    ;
; Enable device-wide output enable (DEV_OE)                        ; Off                    ;
; Enable INIT_DONE output                                          ; Off                    ;
; Configuration scheme                                             ; Internal Configuration ;
; Enable Error Detection CRC_ERROR pin                             ; Off                    ;
; Enable open drain on CRC_ERROR pin                               ; Off                    ;
; Enable nCONFIG, nSTATUS, and CONF_DONE pins                      ; On                     ;
; Enable JTAG pin sharing                                          ; Off                    ;
; Enable nCE pin                                                   ; Off                    ;
; Enable CONFIG_SEL pin                                            ; On                     ;
; Enable input tri-state on active configuration pins in user mode ; Off                    ;
; Configuration Voltage Level                                      ; Auto                   ;
; Force Configuration Voltage Level                                ; Off                    ;
; Data[0]                                                          ; Unreserved             ;
; Data[1]/ASDO                                                     ; Unreserved             ;
; FLASH_nCE/nCSO                                                   ; Unreserved             ;
; DCLK                                                             ; Unreserved             ;
+------------------------------------------------------------------+------------------------+


+------------------------------------+
; Operating Settings and Conditions  ;
+---------------------------+--------+
; Setting                   ; Value  ;
+---------------------------+--------+
; Nominal Core Voltage      ; 1.20 V ;
; Low Junction Temperature  ; 0 °C   ;
; High Junction Temperature ; 85 °C  ;
+---------------------------+--------+


+-----------------+
; Fitter Messages ;
+-----------------+
Warning (18236): Number of processors has not been specified which may cause overloading on shared machines.  Set the global assignment NUM_PARALLEL_PROCESSORS in your QSF to an appropriate value for best performance.
Info (20030): Parallel compilation is enabled and will use 12 of the 12 processors detected
Info (119006): Selected device 10M50DAF484C7G for design "ULA"
Info (21077): Low junction temperature is 0 degrees C
Info (21077): High junction temperature is 85 degrees C
Info (171003): Fitter is performing an Auto Fit compilation, which may decrease Fitter effort to reduce compilation time
Warning (292013): Feature LogicLock is only available with a valid subscription license. You can purchase a software subscription to gain full access to this feature.
Info (176444): Device migration not selected. If you intend to use device migration later, you may need to change the pin assignments as they may be incompatible with other devices
    Info (176445): Device 10M08DAF484I7G is compatible
    Info (176445): Device 10M08DAF484I7P is compatible
    Info (176445): Device 10M16DAF484A7G is compatible
    Info (176445): Device 10M16DAF484C7G is compatible
    Info (176445): Device 10M16DAF484I7G is compatible
    Info (176445): Device 10M16DAF484I7P is compatible
    Info (176445): Device 10M25DAF484A7G is compatible
    Info (176445): Device 10M25DAF484C7G is compatible
    Info (176445): Device 10M25DAF484I7G is compatible
    Info (176445): Device 10M50DAF484I7G is compatible
    Info (176445): Device 10M50DAF484I7P is compatible
    Info (176445): Device 10M40DAF484C7G is compatible
    Info (176445): Device 10M40DAF484I7G is compatible
Info (169124): Fitter converted 8 user pins into dedicated programming pins
    Info (169125): Pin ~ALTERA_TMS~ is reserved at location H2
    Info (169125): Pin ~ALTERA_TCK~ is reserved at location G2
    Info (169125): Pin ~ALTERA_TDI~ is reserved at location L4
    Info (169125): Pin ~ALTERA_TDO~ is reserved at location M5
    Info (169125): Pin ~ALTERA_CONFIG_SEL~ is reserved at location H10
    Info (169125): Pin ~ALTERA_nCONFIG~ is reserved at location H9
    Info (169125): Pin ~ALTERA_nSTATUS~ is reserved at location G9
    Info (169125): Pin ~ALTERA_CONF_DONE~ is reserved at location F8
Info (169141): DATA[0] dual-purpose pin not reserved
Info (12825): Data[1]/ASDO dual-purpose pin not reserved
Info (12825): nCSO dual-purpose pin not reserved
Info (12825): DCLK dual-purpose pin not reserved
Warning (15714): Some pins have incomplete I/O assignments. Refer to the I/O Assignment Warnings report for details
Critical Warning (169085): No exact pin location assignment(s) for 36 pins of 36 total pins. For the list of pins please refer to the I/O Assignment Warnings table in the fitter report.
Critical Warning (332012): Synopsys Design Constraints File file not found: 'ULA.sdc'. A Synopsys Design Constraints File is required by the Timing Analyzer to get proper timing constraints. Without it, the Compiler will not properly optimize the design.
Info (332144): No user constrained base clocks found in the design
Info (332096): The command derive_clocks did not find any clocks to derive.  No clocks were created or changed.
Warning (332068): No clocks defined in design.
Info (332143): No user constrained clock uncertainty found in the design. Calling "derive_clock_uncertainty"
Info (332154): The derive_clock_uncertainty command did not apply clock uncertainty to any clock-to-clock transfers.
Info (332130): Timing requirements not specified -- quality metrics such as performance may be sacrificed to reduce compilation time.
Info (176233): Starting register packing
Info (176235): Finished register packing
    Extra Info (176219): No registers were packed into other blocks
Info (176214): Statistics of I/O pins that need to be placed that use the same VCCIO and VREF, before I/O pin placement
    Info (176211): Number of I/O pins in group: 36 (unused VREF, 2.5V VCCIO, 12 input, 24 output, 0 bidirectional)
        Info (176212): I/O standards used: 2.5 V.
Info (176215): I/O bank details before I/O pin placement
    Info (176214): Statistics of I/O banks
        Info (176213): I/O bank number 1A does not use VREF pins and has undetermined VCCIO pins. 0 total pin(s) used --  16 pins available
        Info (176213): I/O bank number 1B does not use VREF pins and has undetermined VCCIO pins. 4 total pin(s) used --  20 pins available
        Info (176213): I/O bank number 2 does not use VREF pins and has undetermined VCCIO pins. 0 total pin(s) used --  36 pins available
        Info (176213): I/O bank number 3 does not use VREF pins and has undetermined VCCIO pins. 0 total pin(s) used --  48 pins available
        Info (176213): I/O bank number 4 does not use VREF pins and has undetermined VCCIO pins. 0 total pin(s) used --  48 pins available
        Info (176213): I/O bank number 5 does not use VREF pins and has undetermined VCCIO pins. 0 total pin(s) used --  40 pins available
        Info (176213): I/O bank number 6 does not use VREF pins and has undetermined VCCIO pins. 0 total pin(s) used --  60 pins available
        Info (176213): I/O bank number 7 does not use VREF pins and has undetermined VCCIO pins. 0 total pin(s) used --  52 pins available
        Info (176213): I/O bank number 8 does not use VREF pins and has undetermined VCCIO pins. 4 total pin(s) used --  32 pins available
Info (171121): Fitter preparation operations ending: elapsed time is 00:00:01
Info (14896): Fitter has disabled Advanced Physical Optimization because it is not supported for the current family.
Info (170189): Fitter placement preparation operations beginning
Info (170190): Fitter placement preparation operations ending: elapsed time is 00:00:00
Info (170191): Fitter placement operations beginning
Info (170137): Fitter placement was successful
Info (170192): Fitter placement operations ending: elapsed time is 00:00:01
Info (170193): Fitter routing operations beginning
Info (170195): Router estimated average interconnect usage is 0% of the available device resources
    Info (170196): Router estimated peak interconnect usage is 1% of the available device resources in the region that extends from location X45_Y33 to location X55_Y43
Info (170199): The Fitter performed an Auto Fit compilation.  Optimizations were skipped to reduce compilation time.
    Info (170201): Optimizations that may affect the design's routability were skipped
    Info (170200): Optimizations that may affect the design's timing were skipped
Info (170194): Fitter routing operations ending: elapsed time is 00:00:00
Info (11888): Total time spent on timing analysis during the Fitter is 0.11 seconds.
Info (334003): Started post-fitting delay annotation
Info (334004): Delay annotation completed successfully
Info (334003): Started post-fitting delay annotation
Info (334004): Delay annotation completed successfully
Info (11218): Fitter post-fit operations ending: elapsed time is 00:00:01
Info (144001): Generated suppressed messages file C:/Users/lucas/Downloads/ULA PBL/output_files/ULA.fit.smsg
Info: Quartus Prime Fitter was successful. 0 errors, 6 warnings
    Info: Peak virtual memory: 6235 megabytes
    Info: Processing ended: Sat Sep 27 05:09:37 2025
    Info: Elapsed time: 00:00:08
    Info: Total CPU time (on all processors): 00:00:14


+----------------------------+
; Fitter Suppressed Messages ;
+----------------------------+
The suppressed messages can be found in C:/Users/lucas/Downloads/ULA PBL/output_files/ULA.fit.smsg.


